"Estilo","Clase","Size.L.","OG","FG","ABV","IBU","Color","BoilSize","BoilTime","BoilGravity","Efficiency","SugarScale","BrewMethod"
"AMERICAN","IPA",25,1.05,1.01,5.34,40.91,16.72,107,60,26,70,"Specific Gravity","BIAB"
"AMERICAN","PALE",7.5,1.048,1.009,5.12,44.45,5.09,184,60,32,78,"Specific Gravity","BIAB"
"AMERICAN","STOUT",43,14.3189,5.33594,4.88,44.52,36.42,144,90,129,66,"Plato","All Grain"
"AMERICAN","IPA",41.64,1.063,1.015,6.27,71.78,5.6,148,60,37,70,"Specific Gravity","All Grain"
"DRY","STOUT",8,1.046,1.009,4.88,41.63,50,201,60,25,50,"Specific Gravity","BIAB"
"AMERICAN","PALE",20.1,1.055,1.011,5.82,38.89,9.43,66,90,31,78,"Specific Gravity","All Grain"
"AMERICAN","PORTER",20,1.067,1.014,6.98,39.57,38.28,109,60,28,75,"Specific Gravity","All Grain"
"AMERICAN","IPA",45,1.06,1.013,6.2,46.77,6.49,154,90,36,68,"Specific Gravity","All Grain"
"AMERICAN","IPA",124.92,1.058,1.011,6.12,65.47,7.01,26,60,34,80,"Specific Gravity","All Grain"
"BALTIC","PORTER",20.82,1.067,1.017,6.56,29.66,33.08,71,60,40,50,"Specific Gravity","Partial Mash"
"IMPERIAL","STOUT",45,1.069,1.012,7.44,4.86,37.22,142,60,53,75,"Specific Gravity","All Grain"
"AMERICAN","PALE",25,1.055,1.013,5.57,43.27,7.69,93,60,33,70,"Specific Gravity","All Grain"
"AMERICAN","IPA",60.57,1.068,1.012,7.31,33.23,6.69,191,60,36,75,"Specific Gravity","All Grain"
"SWEET","STOUT",5,1.054,1.015,5.15,13.22,40.93,192,60,18,60,"Specific Gravity","BIAB"
"BELGIAN","PALE",18,1.049,1.011,5.06,12.52,4.84,44,60,33,35,"Specific Gravity","extract"
"AMERICAN","PALE",21,1.052,1.01,5.48,35.2,12.66,97,60,22,70,"Specific Gravity","All Grain"
"AMERICAN","PALE",30,1.058,1.013,5.91,55.61,7.64,142,60,23,78,"Specific Gravity","All Grain"
"IMPERIAL","IPA",13,1.078,1.013,8.58,84.53,13.66,48,90,38,70,"Specific Gravity","BIAB"
"AMERICAN","PALE",938.78,1.055,1.013,5.55,36.42,8.26,4,60,33,90,"Specific Gravity","All Grain"
"BLONDE","ALE",20,1.043,1.01,4.35,27.37,3.9,78,60,17,75,"Specific Gravity","All Grain"
"AMERICAN","IPA",21,1.073,1.015,7.63,57.08,6.56,78,60,43,68,"Specific Gravity","All Grain"
"SWEET","STOUT",11.36,1.06,1.017,5.59,23.85,22.77,40,90,24,78,"Specific Gravity","All Grain"
"CREAM","ALE",37.85,1.044,1.009,4.62,18.47,4.57,135,60,24,70,"Specific Gravity","All Grain"
"IMPERIAL","IPA",22.71,1.072,1.016,7.76,268.71,6.33,108,90,38,75,"Specific Gravity","All Grain"
"SPECIALTY","IPA",27,1.06,1.011,6.47,69.02,12.89,107,60,38,83,"Specific Gravity","All Grain"
"AMERICAN","IPA",22.71,1.073,1.024,6.52,36.66,4.9,95,60,43,65,"Specific Gravity","All Grain"
"BELGIAN","PALE",50,1.053,1.018,4.74,11.82,5.2,165,60,31,81,"Specific Gravity","All Grain"
"IMPERIAL","IPA",20.82,1.082,1.021,8.11,89.54,9.41,71,60,54,70,"Specific Gravity","All Grain"
"IMPERIAL","IPA",10,1.078,1.015,8.3,111.74,6.06,38,90,31,70,"Specific Gravity","All Grain"
"IMPERIAL","STOUT",19.87,1.107,1.025,10.82,84.97,49.24,90,60,62,75,"Specific Gravity","All Grain"
"AMERICAN","IPA",30,1.045,1.009,4.82,34.71,4.97,138,60,16,70,"Specific Gravity","All Grain"
"AMERICAN","IPA",1408.17,1.061,1.015,6.04,69.06,4.36,33,105,41,86,"Specific Gravity","All Grain"
"SWEET","STOUT",23,1.053,1.015,4.99,53.24,32.12,97,60,27,65,"Specific Gravity","All Grain"
"AMERICAN","PALE",20.82,1.066,1.011,7.18,57.18,14.13,71,60,40,85,"Specific Gravity","All Grain"
"SPECIALTY","IPA",20.82,1.066,1.011,7.18,78.74,4.48,71,60,40,35,"Specific Gravity","extract"
"AMERICAN","IPA",40,1.055,1.01,6.1,47.29,12.91,173,60,21,72,"Specific Gravity","All Grain"
"AMERICAN","PORTER",18.93,1.053,1.013,5.17,46.11,42.79,75,60,23,60,"Specific Gravity","All Grain"
"IMPERIAL","STOUT",20.82,1.107,1.019,11.51,77.33,38.14,95,90,63,64,"Specific Gravity","All Grain"
"BELGIAN","PALE",20.82,1.05,1.01,5.17,62.33,7.59,95,60,20,65,"Specific Gravity","All Grain"
"AMERICAN","IPA",104,1.065,1.011,7.09,93.93,7.62,20,60,34,70,"Specific Gravity","All Grain"
"BLONDE","ALE",80,1.057,1.011,6.05,34.66,6.87,11,60,25,72.5,"Specific Gravity","All Grain"
"AMERICAN","IPA",20.82,1.069,1.019,6.51,108.15,7.38,95,60,35,65,"Specific Gravity","BIAB"
"SWEET","STOUT",23,16.5397,6.4753,5.53,22.61,29.05,78,90,133,84,"Plato","All Grain"
"ROBUST","PORTER",22.71,1.063,1.015,6.36,21.15,27.78,83,60,38,70,"Specific Gravity","All Grain"
"AMERICAN","STOUT",7.57,1.084,1.031,6.94,89.99,45.62,185,60,67,25,"Specific Gravity","extract"
"CZECH","PALE",25,1.057,1.013,5.69,45.76,3.41,107,90,31,75,"Specific Gravity","All Grain"
"AMERICAN","IPA",17.03,1.067,1.025,5.47,107.21,7.21,7,60,81,50,"Specific Gravity","extract"
"AMERICAN","PALE",20.82,1.054,1.01,5.73,36.8,6.21,83,60,26,77,"Specific Gravity","All Grain"
"AMERICAN","IPA",10,1.071,1.018,6.86,84,15.22,27,75,31,72,"Specific Gravity","All Grain"
"AMERICAN","IPA",26,1.068,1.014,7.19,82.22,15.72,101,90,45,80,"Specific Gravity","All Grain"
"IMPERIAL","STOUT",20.82,1.088,1.022,8.63,49.74,37.42,95,60,49,80,"Specific Gravity","All Grain"
"AMERICAN","PALE",20.82,1.045,1.011,4.38,31.85,6.69,95,60,17,70,"Specific Gravity","All Grain"
"AMERICAN","PALE",10,1.043,1.009,4.57,25.08,6.87,45,70,8,70,"Specific Gravity","All Grain"
"AMERICAN","PALE",18.93,1.049,1.009,5.21,45.35,5.44,7,60,66,35,"Specific Gravity","extract"
"SPECIALTY","IPA",21,1.056,1.016,5.26,54.21,6.79,97,90,25,70,"Specific Gravity","All Grain"
"DRY","STOUT",18.93,1.046,1.012,4.42,24.61,30.28,62,60,22,70,"Specific Gravity","All Grain"
"AMERICAN","PALE",20,1.047,1.008,5.14,34.73,9,87,60,19,75,"Specific Gravity","All Grain"
"AMERICAN","PORTER",32.18,1.063,1.017,6.09,46.41,30.82,139,75,30,75,"Specific Gravity","All Grain"
"AMERICAN","PALE",71.92,1.059,1.019,5.16,45.48,14.37,191,60,37,85,"Specific Gravity","All Grain"
"AMERICAN","PALE",20.82,1.048,1.012,4.68,42.26,5.59,95,60,19,70,"Specific Gravity","All Grain"
"AMERICAN","IPA",18.93,1.061,1.012,6.46,52.5,11.65,7,60,82,35,"Specific Gravity","extract"
"AMERICAN","IPA",18.93,1.072,1.017,7.17,65.28,8.52,95,90,32,70,"Specific Gravity","All Grain"
"ENGLISH","IPA",23,1.065,1.016,6.46,41.81,7.61,192,60,114,35,"Specific Gravity","extract"
"AMERICAN","PORTER",18,1.061,1.015,6,0,25.91,78,90,26,68,"Specific Gravity","All Grain"
"BLONDE","ALE",41.64,1.047,1.009,4.99,19.94,5.14,146,60,24,65,"Specific Gravity","All Grain"
"AMERICAN","IPA",18.93,1.067,1.017,6.61,55.57,11.41,95,60,29,70,"Specific Gravity","All Grain"
"SPECIALTY","IPA",23.66,1.075,1.018,7.53,72.37,14.26,90,60,49,75,"Specific Gravity","All Grain"
"BLONDE","ALE",18.93,1.054,1.01,5.86,16.4,3.71,71,60,26,70,"Specific Gravity","All Grain"
"SPECIALTY","IPA",18.93,1.063,1.016,6.17,75.32,8.41,7,60,85,35,"Specific Gravity","Partial Mash"
"CREAM","ALE",11.36,1.051,1.012,5.11,50.54,4.44,7,60,35,35,"Specific Gravity","extract"
"BLONDE","ALE",37.85,1.053,1.018,4.7,19.12,7.89,148,60,25,70,"Specific Gravity","Partial Mash"
"BLONDE","ALE",18.93,1.049,1.013,4.68,17.69,4.1,95,60,17,75,"Specific Gravity","All Grain"
"BROWN","PORTER",37.85,1.052,1.011,5.38,21.43,25.86,143,60,27,70,"Specific Gravity","All Grain"
"ROBUST","PORTER",23,1.058,1.014,5.81,40.48,37.65,97,60,31,73,"Specific Gravity","All Grain"
"AMERICAN","IPA",22.71,1.073,1.013,7.77,97.82,9.24,83,60,46,70,"Specific Gravity","All Grain"
"AMERICAN","PALE",20.82,1.053,1.013,5.29,43.72,6.21,80,60,26,80,"Specific Gravity","All Grain"
"AMERICAN","IPA",20.82,1.058,1.011,6.19,64.15,6.22,95,60,27,75,"Specific Gravity","All Grain"
"AMERICAN","PALE",18.93,1.059,1.012,6.18,58.47,11.72,68,90,30,72,"Specific Gravity","All Grain"
"AMERICAN","PALE",21,1.057,1.011,6.05,34.93,6.28,101,60,25,75,"Specific Gravity","All Grain"
"IMPERIAL","IPA",20.82,1.094,1.023,9.21,151.67,10.26,18,60,107,70,"Specific Gravity","Partial Mash"
"AMERICAN","IPA",21,1.066,1.012,7.07,74.32,8.91,97,60,32,75,"Specific Gravity","BIAB"
"AMERICAN","IPA",20.82,1.052,1.013,5.08,272.27,10.43,95,60,22,35,"Specific Gravity","All Grain"
"AMERICAN","PALE",21,1.053,1.008,5.89,32.03,9.12,184,45,108,35,"Specific Gravity","extract"
"AMERICAN","PALE",13.25,1.051,1.011,5.24,35.31,5.94,46,75,20,70,"Specific Gravity","All Grain"
"AMERICAN","IPA",25,1.054,1.011,5.61,81.78,6.96,107,60,29,75,"Specific Gravity","All Grain"
"IMPERIAL","STOUT",18,1.096,1.016,10.51,57.68,50,56,60,50,55,"Specific Gravity","All Grain"
"IMPERIAL","IPA",25,1.064,1.011,7.06,84.6,11.82,97,90,41,75,"Specific Gravity","All Grain"
"AMERICAN","IPA",22.71,1.079,1.015,8.46,111.52,8.26,83,60,52,72,"Specific Gravity","All Grain"
"BELGIAN","PALE",3.79,1.065,1.018,6.16,23.47,5.03,133,60,31,70,"Specific Gravity","All Grain"
"AMERICAN","STOUT",41.64,1.067,1.026,5.45,81.23,40,148,60,38,78,"Specific Gravity","All Grain"
"AMERICAN","PALE",35,1.041,1.008,4.31,35.36,4.97,134,60,20,70,"Specific Gravity","All Grain"
"AMERICAN","IPA",16,1.07,1.02,6.61,45.62,10.79,68,60,31,80,"Specific Gravity","All Grain"
"AMERICAN","IPA",18.93,1.066,1.015,6.67,45.55,6.01,71,60,35,65,"Specific Gravity","All Grain"
"AMERICAN","PALE",20.82,1.061,1.013,6.32,41.44,6.19,95,60,29,75,"Specific Gravity","All Grain"
"AMERICAN","IPA",12,1.064,1.013,6.67,56.16,7.18,21,60,39,80,"Specific Gravity","BIAB"
"AMERICAN","IPA",20.82,1.059,1.015,5.82,73.67,7.22,18,60,75,70,"Specific Gravity","Partial Mash"
"AMERICAN","PALE",37.85,1.06,1.022,5.06,20.97,9.3,155,60,27,70,"Specific Gravity","All Grain"
"AMERICAN","IPA",10,1.069,1.013,7.39,77.18,7.07,19,60,35,70,"Specific Gravity","All Grain"
"AMERICAN","IPA",938.78,1.065,1.012,7.06,60.08,34.03,5,60,40,75,"Specific Gravity","All Grain"
"AMERICAN","IPA",34.07,1.063,1.016,6.24,96.59,37.8,145,60,30,75,"Specific Gravity","All Grain"
"AMERICAN","PORTER",20.82,1.056,1.016,5.21,31.48,33.93,84,60,28,70,"Specific Gravity","BIAB"
"SPECIALTY","IPA",20.82,1.087,1.021,8.73,239.69,50,113,90,42,70,"Specific Gravity","All Grain"
"AMERICAN","PALE",20.82,1.054,1.009,5.87,65.02,9.23,95,60,23,72,"Specific Gravity","BIAB"
"SPECIALTY","IPA",20,1.066,1.016,6.48,23.55,5.15,97,60,30,70,"Specific Gravity","BIAB"
"AMERICAN","IPA",21,1.078,1.022,7.38,73.91,37.7,97,60,42,85,"Specific Gravity","BIAB"
"AMERICAN","PALE",19,1.053,1.01,5.64,30.52,7.86,10,60,69,70,"Specific Gravity","All Grain"
"AMERICAN","IPA",23,1.066,1.018,6.19,56.88,12.3,111,60,33,70,"Specific Gravity","All Grain"
"SPECIALTY","IPA",20.82,1.068,1.011,7.5,61.03,9.12,95,60,32,70,"Specific Gravity","BIAB"
"AMERICAN","IPA",21,1.073,1.022,6.76,62.18,10.09,97,60,38,75,"Specific Gravity","BIAB"
"SPECIALTY","IPA",10.41,1.065,1.015,6.55,54.66,5.48,40,90,24,70,"Specific Gravity","All Grain"
"AMERICAN","IPA",22,1.062,1.012,6.56,68.79,9.24,117,60,26,70,"Specific Gravity","BIAB"
"AMERICAN","IPA",20.82,1.056,1.014,5.5,67.32,7.93,108,60,23,70,"Specific Gravity","All Grain"
"SPECIALTY","IPA",9.46,1.06,1.011,6.43,58.09,30.48,18,60,27,70,"Specific Gravity","BIAB"
"AMERICAN","IPA",30.28,1.06,1.011,6.51,105.78,9.46,122,60,38,70,"Specific Gravity","All Grain"
"SPECIALTY","IPA",20.8,1.101,1.018,10.85,132.93,11.91,79,60,65,75,"Specific Gravity","All Grain"
"AMERICAN","IPA",20.82,1.069,1.016,6.99,68.24,4.99,83,60,39,70,"Specific Gravity","All Grain"
"KELLERBIER:","PALE",16,1.049,1.007,5.51,26.67,7.31,52,60,23,70,"Specific Gravity","All Grain"
"AMERICAN","PALE",3.79,1.051,1.009,5.51,53.93,4.72,172,90,12,65,"Specific Gravity","All Grain"
"BLONDE","ALE",20,1.044,1.009,4.59,24.54,3.97,48,60,28,68,"Specific Gravity","All Grain"
"AMERICAN","IPA",23,1.061,1.01,6.61,59.35,5.83,87,60,36,60,"Specific Gravity","All Grain"
"IMPERIAL","IPA",21,1.077,1.012,8.54,81.59,6.19,73,60,45,75,"Specific Gravity","BIAB"
"AMERICAN","STOUT",20.82,1.056,1.011,5.95,62.81,37.34,95,60,25,70,"Specific Gravity","All Grain"
"AMERICAN","IPA",18.93,1.072,1.014,7.7,61.44,6.74,83,60,36,65,"Specific Gravity","All Grain"
"BLONDE","ALE",25,1.063,1.011,6.74,31.93,5.5,107,60,36,55,"Specific Gravity","BIAB"
"SWEET","STOUT",4.54,1.064,1.02,5.71,29.42,37.8,202,75,11,70,"Specific Gravity","All Grain"
"DRY","STOUT",20.82,1.098,1.021,10.13,76.24,50,7,60,113,35,"Specific Gravity","extract"
"AMERICAN","PALE",15.14,1.06,1.011,6.49,22.51,5.94,46,60,32,65,"Specific Gravity","BIAB"
"AMERICAN","IPA",21.77,1.053,1.01,5.7,43.05,7.54,95,60,24,69,"Specific Gravity","All Grain"
"AMERICAN","IPA",25,1.068,1.014,7.02,88.23,8.64,93,60,45,80,"Specific Gravity","All Grain"
"AMERICAN","IPA",18.93,1.062,1.015,6.07,255.84,7.53,46,60,46,70,"Specific Gravity","All Grain"
"AMERICAN","PALE",15.14,1.055,1.014,5.4,68.13,3.75,83,90,15,70,"Specific Gravity","All Grain"
"SPECIALTY","IPA",23,1.068,1.015,7.27,41.14,17.24,118,90,32,75,"Specific Gravity","All Grain"
"AMERICAN","IPA",21,1.058,1.014,5.77,0,7.23,97,60,27,70,"Specific Gravity","All Grain"
"AMERICAN","IPA",18.93,1.063,1.014,6.39,133.57,9.8,95,85,26,50,"Specific Gravity","All Grain"
"BALTIC","PORTER",19,1.073,1.018,7.25,24.83,26.09,73,60,39,65,"Specific Gravity","All Grain"
"IMPERIAL","IPA",11.36,1.102,1.024,10.22,156.54,4.75,15,60,76,25,"Specific Gravity","extract"
"AMERICAN","PALE",22.71,1.046,1.012,4.47,34.17,4.76,103,60,19,75,"Specific Gravity","All Grain"
"AMERICAN","IPA",42.02,1.066,1.011,7.26,88.43,6.3,153,60,38,68,"Specific Gravity","All Grain"
"AMERICAN","IPA",20.82,1.054,1.01,5.78,86.26,4.71,71,60,30,70,"Specific Gravity","All Grain"
"AMERICAN","IPA",34.07,1.05,1.013,4.87,28.71,11.32,130,60,29,70,"Specific Gravity","All Grain"
"BLONDE","ALE",80,1.054,1.014,5.26,32.86,6.47,205,60,32,75,"Specific Gravity","All Grain"
"IMPERIAL","IPA",20.82,1.083,1.016,8.8,74.56,37.57,95,60,45,70,"Specific Gravity","All Grain"
"AMERICAN","STOUT",37.85,1.051,1.012,5.07,47.1,38.35,148,60,23,76,"Specific Gravity","All Grain"
"AMERICAN","IPA",18.93,1.069,1.016,6.92,133,7.27,64,75,40,82,"Specific Gravity","BIAB"
"AMERICAN","PALE",21,1.044,1.012,4.29,31.7,7.6,97,70,17,70,"Specific Gravity","All Grain"
"ENGLISH","IPA",9.46,1.056,1.013,5.66,52.16,7.99,7,60,31,70,"Specific Gravity","Partial Mash"
"SPECIALTY","IPA",20.82,1.074,1.013,7.96,64.25,32.03,83,60,39,70,"Specific Gravity","BIAB"
"OATMEAL","STOUT",23.09,1.065,1.018,6.05,35.19,47,94,60,37,70,"Specific Gravity","All Grain"
"AMERICAN","STOUT",5,1.078,1.018,7.94,39.22,45.4,194,60,31,65,"Specific Gravity","BIAB"
"AMERICAN","IPA",23,1.057,1.01,6.24,92.97,8.12,87,60,33,72,"Specific Gravity","All Grain"
"AMERICAN","IPA",60,1.056,1.013,5.67,38.9,4.53,188,60,31,85,"Specific Gravity","All Grain"
"BLONDE","ALE",10,1.045,1.011,4.49,22.73,5.42,14,60,21,65,"Specific Gravity","All Grain"
"AMERICAN","PALE",15,1.053,1.013,5.22,20.9,7.1,63,70,19,74,"Specific Gravity","All Grain"
"AMERICAN","IPA",18.93,1.07,1.019,6.73,66.29,6.02,83,60,34,67,"Specific Gravity","All Grain"
"BLONDE","ALE",22.71,1.048,1.012,4.71,18.47,6.21,108,60,20,68,"Specific Gravity","All Grain"
"AMERICAN","PALE",20.82,1.052,1.011,5.35,65.85,5.94,98,60,22,73,"Specific Gravity","BIAB"
"AMERICAN","PALE",25,1.059,1.01,6.4,31.52,10.73,107,60,33,85,"Specific Gravity","All Grain"
"DOUBLE","IPA",48,1.077,1.012,8.95,114,6.27,156,90,43,72,"Specific Gravity","All Grain"
"AMERICAN","IPA",492.1,1.059,1.011,6.28,39.59,4.03,140,60,51,80,"Specific Gravity","All Grain"
"IMPERIAL","IPA",24.61,1.079,1.012,8.83,253.72,6.04,95,90,52,70,"Specific Gravity","All Grain"
"AMERICAN","IPA",18.93,1.057,1.012,5.91,58.56,8.06,7,45,77,35,"Specific Gravity","extract"
"SPECIALTY","IPA",20,1.066,1.016,6.49,77.51,13.02,101,60,29,70,"Specific Gravity","All Grain"
"SPECIALTY","IPA",20.82,1.076,1.026,6.67,88.25,25.32,83,60,44,70,"Specific Gravity","All Grain"
"AMERICAN","PALE",21.5,1.05,1.009,5.26,38.22,5.17,44,30,43,86,"Specific Gravity","BIAB"
"IMPERIAL","IPA",18.93,1.079,1.016,8.31,107.48,15.51,202,60,105,25,"Specific Gravity","extract"
"AMERICAN","PORTER",20.82,1.064,1.012,6.8,28.76,37.04,71,60,38,72,"Specific Gravity","All Grain"
"IMPERIAL","IPA",20.82,1.079,1.022,7.45,81.26,13.44,95,60,42,75,"Specific Gravity","All Grain"
"DOUBLE","IPA",41.64,1.073,1.012,7.94,52.33,5.72,145,60,48,83,"Specific Gravity","All Grain"
"IMPERIAL","STOUT",18.93,1.087,1.019,8.98,77.47,30.73,83,60,46,75,"Specific Gravity","All Grain"
"SPECIALTY","IPA",20.82,1.072,1.016,7.27,88.05,10.45,95,60,37,70,"Specific Gravity","All Grain"
"AMERICAN","PALE",20.82,1.052,1.012,5.22,44.93,5.38,7,60,78,75,"Specific Gravity","Partial Mash"
"ROBUST","PORTER",18.93,1.064,1.016,6.29,64.72,40,7,60,87,35,"Specific Gravity","extract"
"AMERICAN","PALE",25,1.043,1.007,4.75,40.26,14.4,110,60,20,60,"Specific Gravity","All Grain"
"OATMEAL","STOUT",13,1.06,1.017,5.65,32.24,28.24,6,45,55,70,"Specific Gravity","All Grain"
"OLD","ALE",18.93,1.081,1.027,7.1,35.12,14.58,71,90,47,75,"Specific Gravity","All Grain"
"IRISH","STOUT",20.82,1.049,1.014,4.63,37.74,39.1,7,60,73,35,"Specific Gravity","extract"
"DRY","STOUT",21,1.045,1.011,4.43,30.22,34.73,6,60,69,35,"Specific Gravity","extract"
"AMERICAN","IPA",46,1.059,1.016,5.65,67.64,4.98,154,60,36,75,"Specific Gravity","All Grain"
"AMERICAN","PALE",20.82,15.4528,4.01868,6.21,32.9,12.11,95,60,124,79,"Plato","All Grain"
"AMERICAN","PALE",18.93,1.066,1.012,6.99,182.46,4.28,7,60,90,35,"Specific Gravity","extract"
"ENGLISH","IPA",37.85,1.058,1.015,5.72,50.93,11.71,143,60,32,70,"Specific Gravity","All Grain"
"AMERICAN","PALE",17.03,1.048,1.009,5.11,28.26,4.46,71,60,17,70,"Specific Gravity","All Grain"
"SPECIALTY","IPA",30,14.9537,3.74311,6.3,61.94,4.47,124,60,128,85,"Plato","All Grain"
"AMERICAN","IPA",23,1.071,1.018,7,68.96,9.72,1,60,25,35,"Specific Gravity","extract"
"ENGLISH","IPA",20.82,1.061,1.014,6.17,56.65,5.85,95,60,29,75,"Specific Gravity","All Grain"
"AMERICAN","IPA",20.82,1.06,1.017,5.57,78.57,7.29,95,60,28,66,"Specific Gravity","All Grain"
"AMERICAN","IPA",810.08,1.061,1.014,6.16,100.29,10.79,206,60,39,80,"Specific Gravity","All Grain"
"AMERICAN","PALE",15.5,1.047,1.012,4.68,43.96,5.8,19,60,38,62,"Specific Gravity","BIAB"
"BLONDE","ALE",20.82,1.05,1.009,5.49,29.51,3.37,83,60,24,75,"Specific Gravity","All Grain"
"AMERICAN","IPA",22,13.8879,3.16904,5.77,68.04,14.17,93,60,122,60,"Plato","All Grain"
"AMERICAN","IPA",18.93,1.058,1.01,6.22,65.56,6.61,119,60,17,69,"Specific Gravity","All Grain"
"AMERICAN","IPA",18.93,1.064,1.018,5.99,104.45,5.03,77,90,31,63,"Specific Gravity","BIAB"
"AMERICAN","PALE",22,1.046,1.008,5,44.87,5.89,97,30,19,67,"Specific Gravity","All Grain"
"AMERICAN","PORTER",23,1.044,1.011,4.35,33.06,37.54,107,60,18,64,"Specific Gravity","All Grain"
"AMERICAN","IPA",23,1.06,1.015,6.11,101.82,10.31,107,80,30,75,"Specific Gravity","All Grain"
"AMERICAN","IPA",13,1.062,1.013,6.43,53.51,6.93,53,90,23,65,"Specific Gravity","All Grain"
"AMERICAN","IPA",20.82,1.061,1.015,6.03,33.95,11.46,185,60,111,35,"Specific Gravity","extract"
"BLONDE","ALE",25,1.054,1.011,5.62,45.41,5.69,107,90,29,85,"Specific Gravity","All Grain"
"BLONDE","ALE",26,1.055,1.009,5.93,36.81,12.85,121,60,26,60,"Specific Gravity","All Grain"
"SWEET","STOUT",25,1.069,1.019,6.63,29.97,50,97,60,45,63,"Specific Gravity","All Grain"
"IMPERIAL","STOUT",18.93,1.092,1.024,8.87,174.07,50,83,75,49,70,"Specific Gravity","All Grain"
"ROBUST","PORTER",42.59,1.066,1.023,5.59,31.71,28.26,155,90,30,69,"Specific Gravity","BIAB"
"AMERICAN","IPA",20,1.057,1.014,5.63,70.93,9.05,73,75,29,84,"Specific Gravity","All Grain"
"AMERICAN","IPA",20.82,1.052,1.015,4.93,129.44,8.61,95,60,22,60,"Specific Gravity","All Grain"
"AMERICAN","IPA",492.1,1.054,1.01,5.82,55.56,3.63,140,60,45,80,"Specific Gravity","All Grain"
"DRY","STOUT",23,13.0353,3.50861,5.12,38.91,39.43,107,60,119,77,"Plato","All Grain"
"SWEET","STOUT",25,1.058,1.014,5.72,31.31,37.18,73,90,42,75,"Specific Gravity","All Grain"
"DOUBLE","IPA",13,1.083,1.017,8.65,67.82,7.02,36,60,51,64.5,"Specific Gravity","All Grain"
"AMERICAN","IPA",20.82,1.065,1.012,6.9,57.08,3.74,62,20,44,35,"Specific Gravity","extract"
"DRY","STOUT",21,1.05,1.014,4.65,34.61,38.75,87,60,23,70,"Specific Gravity","BIAB"
"BLONDE","ALE",20.82,1.043,1.009,4.48,21.02,3.8,95,60,16,70,"Specific Gravity","All Grain"
"SWEET","STOUT",18.93,1.061,1.022,5.1,15.31,35.77,202,60,99,35,"Specific Gravity","extract"
"AMERICAN","IPA",18.93,1.064,1.015,6.44,81.62,9.1,108,60,24,70,"Specific Gravity","All Grain"
"AMERICAN","IPA",18.93,1.071,1.014,7.59,47.83,7.86,62,20,44,35,"Specific Gravity","extract"
"AMERICAN","IPA",213,1.08,1.022,7.53,67.94,8.56,92,80,47,75,"Specific Gravity","All Grain"
"AMERICAN","IPA",20,1.058,1.016,5.48,76.72,7.66,93,60,25,66,"Specific Gravity","All Grain"
"SPECIALTY","IPA",37.85,1.098,1.023,9.77,89.11,11.49,130,60,79,75,"Specific Gravity","All Grain"
"AMERICAN","IPA",20.82,1.06,1.011,6.38,62.96,5.2,83,60,31,70,"Specific Gravity","BIAB"
"IMPERIAL","STOUT",20.82,1.101,1.024,10.08,126.49,50,83,90,63,78,"Specific Gravity","All Grain"
"AMERICAN","IPA",37.85,1.078,1.023,7.18,8.68,6.57,143,60,49,70,"Specific Gravity","All Grain"
"AMERICAN","IPA",17.03,1.057,1.014,5.71,49.66,8.29,46,60,35,70,"Specific Gravity","BIAB"
"BLONDE","ALE",21,1.051,1.011,5.19,32.74,5.39,97,60,22,75,"Specific Gravity","All Grain"
"AMERICAN","STOUT",13.25,1.071,1.02,6.75,54.94,39.49,46,66,34,76,"Specific Gravity","All Grain"
"CZECH","PALE",100,13.5824,3.93087,5.2,0,6.1,12,120,125,90,"Plato","All Grain"
"AMERICAN","PALE",21,1.049,1.009,5.33,46.63,7.37,73,60,25,80,"Specific Gravity","All Grain"
"BLONDE","ALE",18.93,1.05,1.013,4.96,24.56,4.38,71,60,5,35,"Specific Gravity","extract"
"AMERICAN","PALE",20.82,1.062,1.012,6.58,61.28,6.5,83,90,33,75,"Specific Gravity","extract"
"AMERICAN","PORTER",20.82,1.108,1.024,10.96,143.61,50,95,75,63,65,"Specific Gravity","All Grain"
"AMERICAN","IPA",15.14,1.067,1.014,7.31,86.63,12.8,7,60,72,30,"Specific Gravity","extract"
"AMERICAN","PALE",900,1.041,1.008,4.36,43.9,5.03,207,90,24,80,"Specific Gravity","All Grain"
"CREAM","ALE",14,1.048,1.009,5.13,19.06,3.24,50,60,19,70,"Specific Gravity","BIAB"
"AMERICAN","IPA",18.93,1.072,1.018,7.07,76.57,6.49,95,60,32,60,"Specific Gravity","BIAB"
"AMERICAN","IPA",21,1.068,1.011,7.42,69.8,4.34,78,90,39,70,"Specific Gravity","All Grain"
"AMERICAN","PALE",20.82,1.046,1.009,4.94,55.7,7.37,62,60,27,35,"Specific Gravity","extract"
"DOUBLE","IPA",20.82,1.08,1.013,8.81,57.36,6.4,83,60,43,70,"Specific Gravity","All Grain"
"AMERICAN","STOUT",22.71,1.087,1.024,8.34,29.21,39.76,62,60,70,75,"Specific Gravity","BIAB"
"SPECIALTY","IPA",29.34,1.064,1.011,7,76.03,30.21,125,60,38,80,"Specific Gravity","All Grain"
"AMERICAN","IPA",18.93,1.061,1.017,5.77,74.01,6.63,71,60,31,75,"Specific Gravity","All Grain"
"ENGLISH","IPA",21,1.058,1.012,6.01,45.57,11.59,97,60,27,72,"Specific Gravity","All Grain"
"AMERICAN","IPA",18,1.064,1.016,6.29,47.21,8.41,68,80,32,55,"Specific Gravity","All Grain"
"SPECIALTY","IPA",22.7,1.063,1.012,6.74,47.03,8.35,96,60,35,69,"Specific Gravity","All Grain"
"AMERICAN","PORTER",21,1.058,1.01,6.32,43.49,38.03,101,90,26,70,"Specific Gravity","All Grain"
"ENGLISH","IPA",21,1.06,1.014,6.1,25.25,7.4,167,60,117,70,"Specific Gravity","Partial Mash"
"BELGIAN","PALE",19.87,1.06,1.014,6.06,39.91,7.39,65,90,34,53,"Specific Gravity","Partial Mash"
"BELGIAN","PALE",29,1.053,1.01,5.6,27.55,7.26,128,60,27,70,"Specific Gravity","All Grain"
"ROBUST","PORTER",41.64,1.077,1.02,7.45,27.32,29.83,148,60,49,70,"Specific Gravity","All Grain"
"AMERICAN","PALE",8.52,1.047,1.011,4.76,25.54,7.35,7,60,19,75,"Specific Gravity","BIAB"
"AMERICAN","STOUT",18.93,1.067,1.018,6.47,16.82,50,83,60,32,75,"Specific Gravity","All Grain"
"SPECIALTY","IPA",25,1.054,1.012,5.43,100.9,6.83,124,90,22,69,"Specific Gravity","BIAB"
"AMERICAN","IPA",18.93,1.058,1.016,5.5,82.01,10.37,202,60,95,35,"Specific Gravity","extract"
"SWEET","STOUT",21,1.069,1.021,6.35,30.42,48.36,97,60,35,75,"Specific Gravity","BIAB"
"AMERICAN","PALE",19.87,1.048,1.013,4.53,34.61,6.87,46,60,34,35,"Specific Gravity","extract"
"AMERICAN","IPA",21,1.065,1.014,6.65,65.32,6.56,56,60,49,60,"Specific Gravity","Partial Mash"
"AMERICAN","PALE",34.07,1.054,1.015,5.12,30.72,9.09,135,60,28,65,"Specific Gravity","All Grain"
"AMERICAN","PALE",18.93,1.05,1.014,4.7,147.37,5.8,54,60,29,70,"Specific Gravity","All Grain"
"OLD","ALE",23,1.062,1.014,6.27,33.48,33.46,97,60,34,70,"Specific Gravity","All Grain"
"AMERICAN","IPA",37.85,1.067,1.011,7.34,64,7.04,148,75,36,80,"Specific Gravity","All Grain"
"CREAM","ALE",10,1.05,1.011,5.08,32.15,2.59,9,60,27,80,"Specific Gravity","BIAB"
"AMERICAN","IPA",20.82,1.078,1.019,7.77,73.98,5.08,95,60,41,70,"Specific Gravity","All Grain"
"CZECH","PALE",20.82,1.045,1.01,4.56,40.28,3.64,71,60,22,35,"Specific Gravity","Partial Mash"
"SPECIALTY","IPA",20.82,1.079,1.023,7.35,42.48,16.33,95,60,42,80,"Specific Gravity","All Grain"
"ROBUST","PORTER",19.87,1.052,1.01,5.54,31.79,23.79,71,60,26,35,"Specific Gravity","extract"
"CREAM","ALE",18.93,1.055,1.012,5.53,18.55,4.63,69,60,27,70,"Specific Gravity","All Grain"
"BELGIAN","PALE",35,1.05,1.009,5.38,22.81,11.05,134,60,28,70,"Specific Gravity","BIAB"
"BLONDE","ALE",45.42,1.061,1.014,6.2,15.4,4.6,148,90,41,83,"Specific Gravity","All Grain"
"AMERICAN","PALE",20.82,1.056,1.011,5.94,61.87,9.66,7,60,83,35,"Specific Gravity","extract"
"AMERICAN","PALE",45.42,1.048,1.012,4.7,24.37,5.86,163,90,23,80,"Specific Gravity","All Grain"
"AMERICAN","PALE",60.57,1.049,1.009,5.24,27.15,12.27,180,60,28,70,"Specific Gravity","All Grain"
"ENGLISH","IPA",23,1.066,1.018,6.22,44.2,10.86,115,60,31,75,"Specific Gravity","All Grain"
"BROWN","PORTER",20,1.06,1.012,6.3,11.49,24.93,167,60,116,70,"Specific Gravity","Partial Mash"
"AMERICAN","IPA",18.93,1.066,1.012,7.11,81.89,4.79,83,60,31,70,"Specific Gravity","All Grain"
"AMERICAN","IPA",20,1.065,1.018,6.19,93.76,6.03,93,90,30,80,"Specific Gravity","All Grain"
"SPECIALTY","IPA",20.82,1.081,1.019,8.19,99.93,50,95,75,44,69,"Specific Gravity","All Grain"
"ENGLISH","IPA",20,1.048,1.01,4.88,69.55,5.74,27,60,48,35,"Specific Gravity","extract"
"AMERICAN","PALE",20,1.051,1.009,5.58,43.8,5.26,93,60,21,75,"Specific Gravity","BIAB"
"BLONDE","ALE",15.14,1.051,1.013,5.03,19.64,6.29,28,60,35,35,"Specific Gravity","extract"
"AMERICAN","STOUT",21,1.058,1.016,5.56,43.78,43.17,87,60,29,70,"Specific Gravity","All Grain"
"AMERICAN","PALE",25,1.052,1.013,5.14,39.93,9.56,101,60,29,70,"Specific Gravity","All Grain"
"AMERICAN","PALE",15.14,1.048,1.011,4.83,51.56,9.01,185,60,78,35,"Specific Gravity","extract"
"SPECIALTY","IPA",20.82,1.08,1.02,8.42,81.83,11.94,7,60,106,35,"Specific Gravity","extract"
"AMERICAN","IPA",20.82,1.045,1.01,4.56,31.48,3.4,95,60,17,70,"Specific Gravity","All Grain"
"AMERICAN","IPA",24.61,1.053,1.01,5.64,52.53,4.94,95,60,30,80,"Specific Gravity","BIAB"
"CREAM","ALE",4.16,1.049,1.008,5.39,16.9,2.92,195,90,9,75,"Specific Gravity","BIAB"
"AMERICAN","IPA",30,1.058,1.01,6.27,52.49,5.97,126,60,32,76,"Specific Gravity","All Grain"
"AMERICAN","PALE",20,1.049,1.011,4.98,39.7,3.82,83,60,21,75,"Specific Gravity","All Grain"
"DOUBLE","IPA",25,1.098,1.016,10.79,193.12,10.5,107,90,62,75,"Specific Gravity","All Grain"
"AMERICAN","PORTER",20.82,1.088,1.016,9.45,60.75,40.61,95,90,49,70,"Specific Gravity","All Grain"
"AMERICAN","STOUT",21,1.051,1.009,5.57,50.68,30.64,73,60,27,75,"Specific Gravity","All Grain"
"AMERICAN","PALE",23.5,1.061,1.012,6.35,34.7,5.94,97,60,34,73,"Specific Gravity","All Grain"
"AMERICAN","IPA",18.93,1.072,1.014,7.62,71.42,9.96,54,60,49,35,"Specific Gravity","extract"
"BELGIAN","PALE",18.93,1.062,1.019,5.71,36.77,3.66,54,60,40,70,"Specific Gravity","Partial Mash"
"AMERICAN","IPA",20,1.044,1.01,4.45,25.44,7.13,73,60,19,65,"Specific Gravity","All Grain"
"AMERICAN","IPA",18.93,1.061,1.012,6.51,54.14,7.04,7,60,83,35,"Specific Gravity","extract"
"IMPERIAL","IPA",12,1.085,1.014,9.27,103.48,10.85,41,60,42,65,"Specific Gravity","All Grain"
"AMERICAN","IPA",8,1.026,1.005,2.73,48.04,7.55,201,90,8,35,"Specific Gravity","BIAB"
"AMERICAN","PALE",15,1.056,1.017,5.17,42.16,5.84,48,60,28,76,"Specific Gravity","All Grain"
"IMPERIAL","STOUT",12,1.093,1.024,9.08,33.76,40.26,36,60,54,76,"Specific Gravity","All Grain"
"AMERICAN","PALE",18,1.05,1.01,5.27,54.13,8.97,192,60,92,35,"Specific Gravity","extract"
"AMERICAN","STOUT",13.25,1.079,1.017,8.08,47.74,37.95,62,60,30,65,"Specific Gravity","All Grain"
"CREAM","ALE",60.2,1.052,1.01,5.46,28.28,3.85,151,90,46,70,"Specific Gravity","All Grain"
"SWEET","STOUT",25,1.049,1.015,4.49,14.58,32.13,8,60,75,60,"Specific Gravity","extract"
"SWEET","STOUT",18.93,1.046,1.011,4.63,31.16,32.27,95,60,15,70,"Specific Gravity","All Grain"
"AMERICAN","IPA",23.47,1.055,1.015,5.45,77.41,4.56,94,75,30,72,"Specific Gravity","All Grain"
"OLD","ALE",21,1.068,1.016,6.78,44.54,26.18,121,60,26,66,"Specific Gravity","BIAB"
"AMERICAN","IPA",9.46,1.074,1.018,7.46,175.71,10.33,28,60,31,70,"Specific Gravity","All Grain"
"AMERICAN","PORTER",20.82,1.104,1.026,10.27,75.97,41.73,95,60,60,70,"Specific Gravity","All Grain"
"AMERICAN","IPA",20.82,1.064,1.012,6.8,77.83,8.08,83,60,34,60,"Specific Gravity","All Grain"
"SPECIALTY","IPA",18.93,1.071,1.018,6.97,60.03,31.46,95,60,31,70,"Specific Gravity","All Grain"
"AMERICAN","PORTER",20.82,1.062,1.017,5.95,46.06,50,95,60,30,60,"Specific Gravity","All Grain"
"AMERICAN","PALE",18,1.058,1.011,6.12,36.7,8.06,59,60,31,65,"Specific Gravity","All Grain"
"CZECH","PALE",25,11.1689,1.93664,4.9,31.99,7.13,97,60,135,68,"Plato","All Grain"
"AMERICAN","IPA",26.5,1.06,1.011,6.38,104.43,5.25,122,60,31,84,"Specific Gravity","All Grain"
"BROWN","PORTER",20.82,1.049,1.014,4.58,35.39,38.29,95,60,20,65,"Specific Gravity","BIAB"
"AMERICAN","IPA",22.71,1.067,1.014,6.91,79.45,9.29,108,60,34,70,"Specific Gravity","All Grain"
"BLONDE","ALE",21,1.05,1.009,5.33,18.27,5.25,97,60,21,75,"Specific Gravity","All Grain"
"AMERICAN","IPA",25,1.057,1.01,6.19,68.11,13.18,93,90,35,75,"Specific Gravity","BIAB"
"AMERICAN","PALE",21.02,1.051,1.009,5.59,31.14,3.15,97,60,22,70,"Specific Gravity","All Grain"
"AMERICAN","PALE",20.82,1.061,1.015,6.06,71.79,9.53,95,60,29,70,"Specific Gravity","All Grain"
"AMERICAN","IPA",10,1.062,1.014,6.33,72.29,6.28,6,60,41,80,"Specific Gravity","All Grain"
"AMERICAN","PALE",27,1.048,1.009,5.14,31.56,3.4,14,60,89,35,"Specific Gravity","extract"
"AMERICAN","IPA",22,1.066,1.016,6.61,68.79,9.35,73,60,42,80,"Specific Gravity","BIAB"
"IMPERIAL","IPA",37.85,1.088,1.025,8.28,95.42,11.52,148,60,51,45,"Specific Gravity","extract"
"AMERICAN","IPA",170.34,1.059,1.013,5.96,61.37,6.06,43,60,41,75,"Specific Gravity","All Grain"
"AMERICAN","IPA",20.82,1.065,1.018,6.18,68.01,15.25,95,60,32,80,"Specific Gravity","All Grain"
"SPECIALTY","IPA",20,1.063,1.015,6.26,53.74,13.83,134,65,15,70,"Specific Gravity","All Grain"
"BLONDE","ALE",25,1.054,1.01,5.76,26.01,13.71,93,60,32,75,"Specific Gravity","All Grain"
"AMERICAN","IPA",20.82,1.069,1.016,6.97,159.31,5.84,95,60,35,72,"Specific Gravity","All Grain"
"AMERICAN","IPA",23,1.09,1.021,9,163.66,17.16,97,90,57,55,"Specific Gravity","BIAB"
"AMERICAN","IPA",45.42,1.05,1.008,5.48,34.9,3.67,152,60,29,70,"Specific Gravity","All Grain"
"AMERICAN","IPA",18.93,1.062,1.012,6.46,56.5,5.8,108,60,22,62,"Specific Gravity","All Grain"
"IMPERIAL","IPA",50,1.066,1.011,7.17,70.72,20.31,166,90,40,65,"Specific Gravity","All Grain"
"AMERICAN","IPA",20.82,1.06,1.014,6.05,66.18,4.85,95,60,28,75,"Specific Gravity","All Grain"
"AMERICAN","STOUT",18.93,1.07,1.02,6.55,76.5,38.91,7,60,95,70,"Specific Gravity","Partial Mash"
"AMERICAN","IPA",132.49,1.065,1.015,6.54,42.21,7.56,32,60,41,75,"Specific Gravity","All Grain"
"AMERICAN","IPA",20.82,1.065,1.013,6.89,90.65,7.9,95,60,32,70,"Specific Gravity","All Grain"
"AMERICAN","PALE",20.82,1.052,1.012,5.24,30.39,2.25,7,60,77,35,"Specific Gravity","extract"
"IMPERIAL","IPA",20,1.03,1.006,3.15,69.87,9.89,115,60,5,35,"Specific Gravity","All Grain"
"BLONDE","ALE",18.93,1.057,1.015,5.63,20.47,3.89,62,60,32,75,"Specific Gravity","All Grain"
"CREAM","ALE",20.82,1.052,1.012,5.26,18.47,3.1,103,90,21,75,"Specific Gravity","All Grain"
"SWEET","STOUT",20.82,1.054,1.012,5.4,31.48,31.69,95,60,23,75,"Specific Gravity","BIAB"
"INTERNATIONAL","PALE",19,1.067,1.02,6.18,41.47,3.96,63,90,40,75,"Specific Gravity","All Grain"
"OATMEAL","STOUT",20,1.052,1.012,5.2,26.5,33.14,73,70,26,70,"Specific Gravity","All Grain"
"OATMEAL","STOUT",18.93,1.093,1.014,10.37,87.71,42.98,7,60,109,35,"Specific Gravity","extract"
"SPECIALTY","IPA",20.82,1.056,1.013,5.71,87.56,32.68,95,60,25,68,"Specific Gravity","All Grain"
"AMERICAN","IPA",18.93,1.067,1.017,6.62,66.34,6.02,71,60,36,75,"Specific Gravity","All Grain"
"DOUBLE","IPA",18.93,1.09,1.023,8.9,134.59,10.22,62,60,59,35,"Specific Gravity","extract"
"AMERICAN","IPA",22,1.063,1.015,6.33,131.09,7.2,96,60,33,75,"Specific Gravity","All Grain"
"AMERICAN","IPA",60,1.065,1.02,5.99,38.24,8.75,190,60,34,75,"Specific Gravity","All Grain"
"ENGLISH","IPA",23,1.055,1.014,5.43,69.64,7.01,1,60,101,35,"Specific Gravity","extract"
"BELGIAN","PALE",11.36,1.06,1.01,6.57,40.32,10.09,40,80,24,78,"Specific Gravity","All Grain"
"DRY","STOUT",7.57,1.049,1.014,4.59,39.29,34.6,185,60,33,35,"Specific Gravity","extract"
"AMERICAN","IPA",18.93,1.067,1.02,6.15,37.94,7.26,95,60,28,70,"Specific Gravity","All Grain"
"DOUBLE","IPA",3.79,1.077,1.015,8.15,99.3,8.06,133,60,45,35,"Specific Gravity","Partial Mash"
"AMERICAN","PALE",10,1.051,1.01,5.36,33.74,5.93,14,90,26,75,"Specific Gravity","All Grain"
"AMERICAN","IPA",21,1.064,1.016,6.28,69.17,9.4,97,60,31,70,"Specific Gravity","All Grain"
"OATMEAL","STOUT",19,1.087,1.022,8.56,39.11,50,59,60,59,35,"Specific Gravity","extract"
"AMERICAN","IPA",25,1.059,1.01,6.38,58.69,3.8,107,90,33,75,"Specific Gravity","All Grain"
"AMERICAN","IPA",31.5,1.06,1.01,6.55,129.92,6.94,91,90,52,75,"Specific Gravity","All Grain"
"AMERICAN","IPA",20.82,1.067,1.015,6.83,57.44,8.32,108,60,30,75,"Specific Gravity","All Grain"
"AMERICAN","IPA",20.82,1.061,1.012,6.47,44.59,22.91,46,60,51,35,"Specific Gravity","extract"
"OATMEAL","STOUT",833,1.054,1.014,5.13,28.53,31.91,199,60,29,75,"Specific Gravity","All Grain"
"AMERICAN","PALE",21,1.055,1.014,5.39,54.76,7.86,97,60,24,70,"Specific Gravity","All Grain"
"OLD","ALE",25,1.072,1.017,7.15,35.07,20.77,101,60,46,75,"Specific Gravity","BIAB"
"INTERNATIONAL","PALE",41.6,1.051,1.013,5.07,0,5.05,147,60,28,75,"Specific Gravity","All Grain"
"AMERICAN","IPA",24.61,1.064,1.009,7.15,67.48,4.2,108,60,30,70,"Specific Gravity","All Grain"
"AMERICAN","PALE",17.03,1.052,1.012,5.29,22.09,4.49,71,60,20,75,"Specific Gravity","BIAB"
"AMERICAN","PALE",20,1.058,1.013,5.98,46.46,6.62,63,60,35,70,"Specific Gravity","All Grain"
"AMERICAN","PALE",20.82,1.065,1.015,6.53,233.82,11.7,95,60,31,75,"Specific Gravity","All Grain"
"ROBUST","PORTER",20.8,1.059,1.017,5.46,30.11,27.03,96,60,27,70,"Specific Gravity","All Grain"
"IMPERIAL","IPA",30.28,1.09,1.021,9.06,131.75,8.67,130,60,51,78,"Specific Gravity","All Grain"
"BROWN","PORTER",20.82,1.062,1.016,6.13,33.54,38.86,95,90,30,75,"Specific Gravity","All Grain"
"AMERICAN","PORTER",11,1.045,1.009,4.77,39.31,27.65,21,60,19,80,"Specific Gravity","All Grain"
"AMERICAN","IPA",1400.6,12.4616,2.28713,5.43,70.53,3.62,34,60,123,95,"Plato","All Grain"
"AMERICAN","IPA",20.82,1.071,1.018,6.99,28.68,4.52,114,90,31,76,"Specific Gravity","BIAB"
"BLONDE","ALE",5,1.048,1.009,5.09,0,9.14,149,60,32,35,"Specific Gravity","All Grain"
"AMERICAN","IPA",18,1.072,1.019,6.99,36.06,6.68,68,60,38,70,"Specific Gravity","All Grain"
"IMPERIAL","IPA",20.82,1.093,1.023,9.13,101.89,10.99,95,90,52,65,"Specific Gravity","All Grain"
"AMERICAN","PALE",19.87,1.048,1.009,5.1,59.41,4.59,90,60,19,35,"Specific Gravity","extract"
"AMERICAN","PALE",18.93,1.054,1.013,5.29,34.69,12.28,83,60,22,35,"Specific Gravity","extract"
"AMERICAN","IPA",20.82,1.059,1.011,6.23,72.4,4.95,95,60,27,70,"Specific Gravity","All Grain"
"AMERICAN","IPA",21,1.063,1.011,6.77,54.17,8.46,78,60,35,65,"Specific Gravity","BIAB"
"IMPERIAL","STOUT",22.5,1.087,1.017,9.13,55.02,50,101,60,46,50,"Specific Gravity","BIAB"
"AMERICAN","PALE",9,1.057,1.016,5.39,43.59,6.47,183,60,8,60,"Specific Gravity","Partial Mash"
"BLONDE","ALE",18.93,1.053,1.012,5.33,36.87,4.51,18,60,59,70,"Specific Gravity","Partial Mash"
"AMERICAN","PALE",18.93,1.053,1.014,5.19,53.85,6.63,7,60,72,35,"Specific Gravity","extract"
"AMERICAN","PALE",22.71,1.052,1.011,5.34,28.24,4.57,83,60,29,70,"Specific Gravity","All Grain"
"AMERICAN","IPA",18.93,1.055,1.013,5.45,71.88,4.3,57,60,32,50,"Specific Gravity","Partial Mash"
"AMERICAN","IPA",20.82,1.06,1.012,6.33,38.05,7.51,71,60,35,75,"Specific Gravity","All Grain"
"AMERICAN","PALE",22.71,1.058,1.014,5.81,38.87,6.26,108,90,28,75,"Specific Gravity","All Grain"
"BALTIC","PORTER",20.82,1.057,1.014,5.69,41.73,50,95,60,26,70,"Specific Gravity","All Grain"
"AMERICAN","PALE",14.95,1.053,1.015,5.02,281.09,9.64,202,60,67,35,"Specific Gravity","extract"
"AMERICAN","PALE",20.82,1.063,1.017,6.08,26.43,4.03,95,60,30,72,"Specific Gravity","BIAB"
"DRY","STOUT",20,1.054,1.012,5.5,44.8,41.59,78,60,26,63,"Specific Gravity","All Grain"
"SPECIALTY","IPA",25,1.068,1.011,7.48,71.13,6.95,107,60,40,80,"Specific Gravity","All Grain"
"AMERICAN","PALE",20.82,1.048,1.01,4.96,38.39,5.98,95,60,19,55,"Specific Gravity","All Grain"
"AMERICAN","IPA",37.85,1.09,1.023,8.87,86.13,11.65,143,60,59,65,"Specific Gravity","All Grain"
"OATMEAL","STOUT",20.82,1.053,1.013,5.26,31.48,26.81,95,60,23,65,"Specific Gravity","BIAB"
"OATMEAL","STOUT",20.82,1.059,1.02,5.09,41.56,39.16,62,60,38,72,"Specific Gravity","All Grain"
"CZECH","PALE",17.03,1.041,1.008,4.3,32.83,2.72,51,70,19,80,"Specific Gravity","BIAB"
"SPECIALTY","IPA",19.87,1.06,1.015,5.89,53.32,14.09,116,60,21,65,"Specific Gravity","All Grain"
"AMERICAN","IPA",7.57,1.044,1.008,4.65,28.5,17.92,7,60,13,35,"Specific Gravity","extract"
"AMERICAN","IPA",38,1.055,1.014,5.34,62.08,4.72,142,60,30,75,"Specific Gravity","All Grain"
"AMERICAN","PALE",20,1.056,1.014,5.53,0,3.91,68,60,31,70,"Specific Gravity","All Grain"
"BLONDE","ALE",20.82,1.026,1.005,2.74,93.27,4.78,108,60,4,35,"Specific Gravity","All Grain"
"AMERICAN","PALE",55,1.049,1.009,5.27,42.7,7.89,176,75,27,62,"Specific Gravity","All Grain"
"DOUBLE","IPA",21,1.09,1.019,9.28,126.52,10.87,96,60,51,54,"Specific Gravity","All Grain"
"OATMEAL","STOUT",20.82,1.065,1.014,6.71,25.61,30.79,95,60,26,65,"Specific Gravity","All Grain"
"DRY","STOUT",65,1.043,1.01,4.34,32.46,25.86,200,75,17,75,"Specific Gravity","All Grain"
"CREAM","ALE",39.75,1.049,1.009,5.26,16.99,5.43,145,60,26,35,"Specific Gravity","extract"
"SPECIALTY","IPA",23,1.058,1.013,6.02,48.78,6.98,87,90,34,75,"Specific Gravity","All Grain"
"BLONDE","ALE",9.46,1.04,1.012,3.66,16.66,4.17,18,60,13,53,"Specific Gravity","BIAB"
"ENGLISH","IPA",27,1.06,1.014,6.06,80.17,6.49,124,70,30,75,"Specific Gravity","All Grain"
"SPECIALTY","IPA",21,1.062,1.012,6.56,90.67,11.23,201,60,69,35,"Specific Gravity","extract"
"AMERICAN","PORTER",22.71,1.09,1.025,8.53,131.95,50,7,60,112,35,"Specific Gravity","extract"
"ENGLISH","IPA",7.5,1.061,1.017,5.73,40.79,8.21,19,60,18,70,"Specific Gravity","All Grain"
"DRY","STOUT",60,1.052,1.012,5.3,34.78,31.99,189,60,26,70,"Specific Gravity","All Grain"
"IMPERIAL","STOUT",18.93,1.08,1.015,8.52,77.36,47.36,46,60,64,50,"Specific Gravity","extract"
"SPECIALTY","IPA",22.71,1.082,1.016,8.65,58.69,9.19,95,60,37,67,"Specific Gravity","All Grain"
"AMERICAN","IPA",18.93,1.063,1.016,6.16,49.76,9.13,71,60,32,60,"Specific Gravity","All Grain"
"AMERICAN","IPA",20.82,1.071,1.01,7.92,132.48,5.79,83,90,35,70,"Specific Gravity","All Grain"
"AMERICAN","IPA",20.82,1.081,1.02,7.91,250.56,11.15,95,60,43,70,"Specific Gravity","All Grain"
"AMERICAN","IPA",21.77,1.061,1.013,6.27,76.99,9.08,71,90,38,75,"Specific Gravity","All Grain"
"OATMEAL","STOUT",62,1.046,1.008,5.01,23.15,31.03,189,60,22,80,"Specific Gravity","All Grain"
"AMERICAN","PALE",21,1.048,1.014,4.56,84.67,5.27,97,60,20,75,"Specific Gravity","All Grain"
"IMPERIAL","IPA",5,1.085,1.021,8.42,71.34,10.9,192,60,37,75,"Specific Gravity","All Grain"
"SWEET","STOUT",22.71,1.059,1.022,4.81,24.32,30.8,103,90,26,78,"Specific Gravity","All Grain"
"ENGLISH","IPA",20.82,1.061,1.018,5.63,36.6,11.37,95,60,29,75,"Specific Gravity","BIAB"
"SPECIALTY","IPA",20.82,1.065,1.013,6.83,57.09,15.43,95,60,31,75,"Specific Gravity","BIAB"
"SPECIALTY","IPA",18.93,1.063,1.014,6.43,70.69,12.97,7,60,86,70,"Specific Gravity","Partial Mash"
"BALTIC","PORTER",20,1.074,1.013,8.1,48.34,35.72,93,90,37,70,"Specific Gravity","All Grain"
"AMERICAN","IPA",16.5,1.055,1.01,5.95,85.13,10.05,60,60,25,73,"Specific Gravity","BIAB"
"AMERICAN","PALE",20.82,1.053,1.01,5.58,39.8,10.38,99,60,22,70,"Specific Gravity","All Grain"
"AMERICAN","PALE",23,1.053,1.01,5.58,49.95,6.57,93,60,27,72,"Specific Gravity","All Grain"
"BELGIAN","PALE",15,1.056,1.016,5.33,32.96,13.76,14,60,41,70,"Specific Gravity","BIAB"
"AMERICAN","IPA",50,1.064,1.012,6.83,34.77,9.17,158,60,44,70,"Specific Gravity","All Grain"
"AMERICAN","IPA",19,1.073,1.013,7.97,72.28,7.31,97,65,33,84,"Specific Gravity","BIAB"
"DOUBLE","IPA",16,1.079,1.01,9.09,117.51,7.13,63,60,39,80,"Specific Gravity","BIAB"
"AMERICAN","IPA",23,1.038,1.007,3.97,45.62,4.64,93,70,15,70,"Specific Gravity","All Grain"
"ROBUST","PORTER",18.93,1.08,1.023,7.53,34.07,36.64,95,60,37,75,"Specific Gravity","BIAB"
"AMERICAN","IPA",45.42,1.082,1.023,7.84,77.97,7.26,178,75,42,75,"Specific Gravity","All Grain"
"ENGLISH","IPA",13,1.069,1.016,7.01,64.76,16.52,36,60,40,70,"Specific Gravity","All Grain"
"AMERICAN","PORTER",12.3,1.055,1.012,5.71,31.47,29.49,28,60,27,75,"Specific Gravity","All Grain"
"SPECIALTY","IPA",20,1.075,1.014,7.96,59.45,39.79,87,60,39,65,"Specific Gravity","All Grain"
"AMERICAN","IPA",25,1.064,1.012,6.84,49.4,4.73,93,60,41,70,"Specific Gravity","BIAB"
"IMPERIAL","STOUT",20,1.111,1.025,11.24,91.44,50,73,60,72,75,"Specific Gravity","All Grain"
"AMERICAN","IPA",20.82,1.049,1.012,4.93,41.71,7.25,122,60,14,70,"Specific Gravity","All Grain"
"BLONDE","ALE",20.82,1.049,1.009,5.22,15.74,4.72,7,60,73,70,"Specific Gravity","Partial Mash"
"DRY","STOUT",41.64,1.063,1.023,5.23,24.78,31.25,148,60,37,65,"Specific Gravity","All Grain"
"AMERICAN","STOUT",20.82,1.082,1.026,7.31,63.49,38.81,83,60,48,75,"Specific Gravity","All Grain"
"AMERICAN","STOUT",18.93,1.061,1.016,5.82,31.21,40,71,60,1,70,"Specific Gravity","extract"
"SPECIALTY","IPA",529.96,1.066,1.011,7.21,56.12,4.65,162,60,47,80,"Specific Gravity","All Grain"
"AMERICAN","PALE",23,1.043,1.008,4.52,25.41,4.34,97,60,19,70,"Specific Gravity","All Grain"
"AMERICAN","IPA",23,1.06,1.01,6.48,50.99,6.83,78,60,37,35,"Specific Gravity","extract"
"AMERICAN","PALE",20.82,1.056,1.015,5.32,40.69,9.52,71,60,31,70,"Specific Gravity","All Grain"
"ENGLISH","IPA",12,1.062,1.013,6.5,40.8,9.72,171,60,94,35,"Specific Gravity","extract"
"ROBUST","PORTER",24.61,1.066,1.016,6.5,37.54,40,108,60,38,70,"Specific Gravity","All Grain"
"AMERICAN","PALE",18.93,1.038,1.011,3.52,39.41,5.89,62,60,16,35,"Specific Gravity","extract"
"AMERICAN","IPA",20.82,1.076,1.013,8.26,119.75,5.9,95,90,39,75,"Specific Gravity","All Grain"
"AMERICAN","PALE",20.5,1.057,1.01,6.08,42.68,7.58,82,60,28,70,"Specific Gravity","All Grain"
"BELGIAN","PALE",52,1.059,1.013,6.01,28.59,13.17,142,60,52,73.5,"Specific Gravity","All Grain"
"DOUBLE","IPA",22.71,1.083,1.019,8.36,99.83,11.67,120,60,41,73,"Specific Gravity","All Grain"
"AMERICAN","PALE",25,1.047,1.009,5.03,30.26,4.71,107,90,23,75,"Specific Gravity","All Grain"
"AMERICAN","PALE",22.71,1.071,1.02,6.71,147.07,6.3,116,60,34,60,"Specific Gravity","All Grain"
"ENGLISH","PORTER",21,1.05,1.012,5.01,20.24,25.33,201,60,96,35,"Specific Gravity","extract"
"AMERICAN","PALE",10,1.05,1.013,4.9,42.66,10.85,21,60,20,75,"Specific Gravity","All Grain"
"AMERICAN","PALE",23.02,1.053,1.015,4.94,32.86,9.53,89,60,29,80,"Specific Gravity","All Grain"
"AMERICAN","IPA",9,1.069,1.015,7.1,105.97,23.75,201,60,53,35,"Specific Gravity","Partial Mash"
"AMERICAN","IPA",20.82,1.071,1.009,8.11,102.03,4.07,7,60,102,35,"Specific Gravity","extract"
"AMERICAN","PORTER",20,1.05,1.014,4.74,28.7,14.31,107,60,17,70,"Specific Gravity","All Grain"
"AMERICAN","IPA",23,16.277,3.8473,6.76,85.98,4.83,93,80,130,70,"Plato","All Grain"
"AMERICAN","STOUT",25,1.049,1.01,5.11,71.32,28.44,134,120,14,78,"Specific Gravity","All Grain"
"AMERICAN","IPA",20.82,1.06,1.011,6.34,82.64,7.66,95,60,28,70,"Specific Gravity","BIAB"
"AMERICAN","PALE",18.93,1.048,1.012,4.72,48.41,7.84,69,60,22,60,"Specific Gravity","All Grain"
"AMERICAN","IPA",24,1.045,1.011,4.47,66.22,9.97,97,60,22,70,"Specific Gravity","All Grain"
"SWEET","STOUT",20.82,1.082,1.027,7.13,38.34,30.11,95,60,44,75,"Specific Gravity","All Grain"
"AMERICAN","PALE",18.93,1.049,1.01,5.04,43.62,4.49,71,60,21,65,"Specific Gravity","All Grain"
"AMERICAN","IPA",20,1.079,1.017,8.14,62.35,7.92,104,70,37,70,"Specific Gravity","BIAB"
"SWEET","STOUT",15.14,1.084,1.017,8.83,94.99,14.09,46,60,51,76,"Specific Gravity","BIAB"
"AMERICAN","IPA",20.82,1.056,1.011,6,65.05,9.16,95,60,25,75,"Specific Gravity","BIAB"
"AMERICAN","IPA",19.87,1.068,1.017,6.68,93.18,6.89,95,60,31,65,"Specific Gravity","All Grain"
"AMERICAN","PALE",22.71,1.054,1.012,5.55,39.96,7.6,103,60,26,71,"Specific Gravity","All Grain"
"AMERICAN","IPA",20.82,1.048,1.011,4.89,46.21,9.28,95,60,19,68,"Specific Gravity","All Grain"
"AMERICAN","IPA",18.93,1.055,1.011,5.89,64.21,4.67,7,30,74,35,"Specific Gravity","extract"
"AMERICAN","PALE",56.78,1.06,1.015,5.84,31.39,6.42,155,60,48,85,"Specific Gravity","All Grain"
"AMERICAN","IPA",5,1.038,1.009,3.86,115.78,5.56,149,60,22,50,"Specific Gravity","All Grain"
"AMERICAN","PALE",20,1.051,1.008,5.57,28.17,13.2,14,60,68,70,"Specific Gravity","Partial Mash"
"AMERICAN","PALE",21.5,1.048,1.006,5.55,39.36,5.99,93,60,21,51,"Specific Gravity","All Grain"
"DOUBLE","IPA",21,1.084,1.021,8.3,85.9,7.89,68,60,58,35,"Specific Gravity","Partial Mash"
"AMERICAN","IPA",24.61,1.071,1.016,7.22,95.49,7.19,116,90,38,77,"Specific Gravity","All Grain"
"CREAM","ALE",7.57,1.043,1.011,4.22,18.9,3.69,185,60,27,25,"Specific Gravity","extract"
"AMERICAN","IPA",20.82,1.075,1.021,7.12,75.86,6.59,95,60,39,70,"Specific Gravity","All Grain"
"AMERICAN","IPA",18.93,1.051,1.013,4.97,75.8,7.17,7,60,67,85,"Specific Gravity","extract"
"CZECH","PALE",27,1.051,1.01,5.39,25.23,3.15,107,75,30,75,"Specific Gravity","All Grain"
"AMERICAN","IPA",37.85,1.059,1.014,5.89,47.49,5.09,143,60,33,70,"Specific Gravity","All Grain"
"IMPERIAL","IPA",3.79,1.061,1.011,6.61,99.69,8.19,132,60,35,70,"Specific Gravity","All Grain"
"BELGIAN","PALE",12,1.045,1.016,3.75,24.98,7.8,38,70,17,78,"Specific Gravity","All Grain"
"OATMEAL","STOUT",19.87,1.072,1.024,6.28,47.82,35.8,77,60,40,80,"Specific Gravity","BIAB"
"SPECIALTY","IPA",15,1.057,1.016,5.53,67.35,37.64,44,60,31,70,"Specific Gravity","BIAB"
"AMERICAN","IPA",20.82,1.077,1.019,7.57,42.23,8.48,46,60,68,35,"Specific Gravity","extract"
"AMERICAN","IPA",24.61,1.054,1.01,5.72,95.53,13.08,28,60,19,35,"Specific Gravity","extract"
"AMERICAN","IPA",41.64,1.065,1.015,6.52,0,8.53,155,60,35,75,"Specific Gravity","All Grain"
"IMPERIAL","STOUT",41.64,1.1,1.027,9.59,98.37,38.04,155,60,63,85,"Specific Gravity","All Grain"
"AMERICAN","PALE",25,1.053,1.009,5.82,49.18,9.18,129,70,20,67,"Specific Gravity","All Grain"
"BELGIAN","PALE",20.82,1.055,1.014,5.37,39.95,8.87,67,60,32,75,"Specific Gravity","All Grain"
"DRY","STOUT",25,1.046,1.011,4.52,14.06,46.84,1,30,94,35,"Specific Gravity","extract"
"AMERICAN","IPA",20.82,1.069,1.02,6.83,77.38,5.33,108,60,32,77,"Specific Gravity","BIAB"
"AMERICAN","STOUT",19.5,1.064,1.018,6.03,49.84,33.91,14,60,85,50,"Specific Gravity","extract"
"OATMEAL","STOUT",20.82,1.06,1.02,5.25,49.79,39.5,95,60,28,70,"Specific Gravity","BIAB"
"AMERICAN","STOUT",23.66,1.061,1.02,5.34,43.71,35.61,95,60,34,80,"Specific Gravity","BIAB"
"AMERICAN","STOUT",20.82,1.065,1.016,6.36,77.35,50,83,60,35,70,"Specific Gravity","All Grain"
"AMERICAN","IPA",18.93,1.074,1.02,7.11,47.26,4.85,71,60,41,75,"Specific Gravity","All Grain"
"SPECIALTY","IPA",23.09,1.06,1.012,6.33,69.95,33.12,105,60,31,72,"Specific Gravity","BIAB"
"IMPERIAL","IPA",22.71,1.071,1.012,7.8,122.06,7.85,108,60,37,65,"Specific Gravity","All Grain"
"OATMEAL","STOUT",24.5,1.058,1.011,6.13,36.26,41.42,119,80,27,74,"Specific Gravity","All Grain"
"ENGLISH","PORTER",20.82,1.044,1.01,4.44,27.39,24.42,95,60,16,72,"Specific Gravity","All Grain"
"AMERICAN","IPA",22.71,1.062,1.012,6.61,43.96,10.86,112,60,28,70,"Specific Gravity","BIAB"
"AMERICAN","IPA",41.64,1.065,1.018,6.13,169.97,7.34,139,60,46,70,"Specific Gravity","All Grain"
"CREAM","ALE",18.93,1.051,1.01,5.32,20.78,2.96,95,60,18,75,"Specific Gravity","All Grain"
"SPECIALTY","IPA",20.82,1.058,1.014,5.85,56.84,17.72,95,60,27,80,"Specific Gravity","All Grain"
"AMERICAN","PALE",11.36,1.052,1.009,5.57,39.73,5.9,28,60,23,70,"Specific Gravity","BIAB"
"AMERICAN","IPA",47,13.8981,3.72112,5.49,47.24,6.66,173,60,122,73,"Plato","All Grain"
"BLONDE","ALE",75,1.045,1.008,4.82,19.7,3.49,198,60,25,82,"Specific Gravity","All Grain"
"AMERICAN","PALE",20.82,1.057,1.016,5.37,29.02,5.24,77,60,30,70,"Specific Gravity","All Grain"
"AMERICAN","PALE",23,1.05,1.011,5.07,25.88,6.11,44,60,47,35,"Specific Gravity","extract"
"CREAM","ALE",4.54,1.051,1.012,5.12,17.75,5.05,193,60,12,75,"Specific Gravity","BIAB"
"CZECH","PALE",20.82,1.044,1.011,4.29,46.49,3.36,95,60,16,65,"Specific Gravity","All Grain"
"IMPERIAL","IPA",24.61,1.068,1.005,8.2,53.8,5.84,95,30,43,70,"Specific Gravity","BIAB"
"AMERICAN","IPA",21,1.056,1.011,5.97,57.29,9.68,97,60,25,75,"Specific Gravity","All Grain"
"AMERICAN","PALE",20.82,1.05,1.009,5.28,42.13,5.85,95,60,20,70,"Specific Gravity","BIAB"
"BELGIAN","PALE",19,1.05,1.011,5.03,26.34,11.08,81,90,20,70,"Specific Gravity","All Grain"
"AMERICAN","PALE",20.82,1.061,1.017,5.76,41.81,10.72,83,60,32,75,"Specific Gravity","All Grain"
"AMERICAN","PALE",19,1.047,1.012,4.67,36.9,5.65,59,60,25,35,"Specific Gravity","extract"
"AMERICAN","PALE",39.75,1.059,1.015,5.79,38.22,5.16,108,60,61,75,"Specific Gravity","All Grain"
"AMERICAN","IPA",18.93,1.067,1.012,7.23,65.3,8.35,95,60,29,70,"Specific Gravity","All Grain"
"AMERICAN","IPA",20.82,1.081,1.02,8.01,136.65,45.48,7,60,108,70,"Specific Gravity","Partial Mash"
"AMERICAN","IPA",20.82,1.068,1.019,6.39,226.18,7.2,95,60,34,75,"Specific Gravity","All Grain"
"ENGLISH","IPA",20,1.068,1.015,7.17,140.08,6.93,87,60,34,65,"Specific Gravity","BIAB"
"AMERICAN","IPA",21,1.06,1.011,6.34,64.84,8.96,192,60,21,35,"Specific Gravity","extract"
"IMPERIAL","STOUT",20.82,1.052,1.014,5.01,30.55,34.62,83,60,25,71,"Specific Gravity","BIAB"
"AMERICAN","IPA",20.82,1.048,1.013,4.61,42.38,5.55,103,60,18,73,"Specific Gravity","All Grain"
"AMERICAN","IPA",20.82,1.062,1.019,5.65,63.91,6.02,28,60,68,75,"Specific Gravity","Partial Mash"
"AMERICAN","IPA",19.87,1.069,1.012,7.42,45.26,9.53,83,60,35,66,"Specific Gravity","All Grain"
"DRY","STOUT",17,1.042,1.012,3.95,35.2,42.98,78,60,12,65,"Specific Gravity","All Grain"
"AMERICAN","IPA",20.82,1.08,1.022,7.65,90.59,3.04,71,60,52,70,"Specific Gravity","BIAB"
"ENGLISH","IPA",13,1.063,1.013,6.53,49.79,8.76,38,60,34,70,"Specific Gravity","All Grain"
"AMERICAN","PALE",11.36,1.056,1.011,5.87,27.55,5.67,28,60,26,75,"Specific Gravity","BIAB"
"ENGLISH","IPA",23,1.067,1.019,6.2,63.37,7.31,78,60,43,70,"Specific Gravity","All Grain"
"BROWN","PORTER",18.93,1.046,1.013,4.28,31.16,25.39,62,60,22,35,"Specific Gravity","extract"
"AMERICAN","IPA",25,1.07,1.015,7.13,65,38.07,111,90,40,80,"Specific Gravity","BIAB"
"AMERICAN","IPA",24.61,1.059,1.015,5.84,58.68,6.98,108,60,32,75,"Specific Gravity","All Grain"
"AMERICAN","PALE",20.82,1.057,1.015,5.42,25.68,6.39,65,60,34,65,"Specific Gravity","BIAB"
"SPECIALTY","IPA",24,1.065,1.014,6.78,66.88,6.41,107,60,36,67,"Specific Gravity","BIAB"
"AMERICAN","IPA",41.64,1.075,1.023,6.77,60.22,5.71,143,60,53,70,"Specific Gravity","All Grain"
"AMERICAN","PALE",170.34,1.048,1.011,4.96,35.14,6.1,47,60,29,67,"Specific Gravity","All Grain"
"AMERICAN","IPA",21.77,1.073,1.022,6.7,70.56,11.35,95,60,40,80,"Specific Gravity","BIAB"
"ENGLISH","IPA",15,1.062,1.015,6.08,41.98,6.1,48,60,33,75,"Specific Gravity","All Grain"
"AMERICAN","PALE",25,1.058,1.017,5.44,86.15,6.04,115,60,29,75,"Specific Gravity","All Grain"
"SPECIALTY","IPA",45.42,1.064,1.011,7.03,71.17,44.94,159,90,37,83,"Specific Gravity","All Grain"
"BALTIC","PORTER",23,1.052,1.013,5.1,26.62,26.58,97,60,26,70,"Specific Gravity","BIAB"
"AMERICAN","IPA",41.64,1.074,1.022,6.77,64.66,15.09,145,60,49,50,"Specific Gravity","Partial Mash"
"AMERICAN","IPA",37.85,1.066,1.015,6.69,82.54,8.02,155,60,31,75,"Specific Gravity","All Grain"
"AMERICAN","PORTER",10.41,1.067,1.014,7.01,40.29,28.89,15,60,41,80,"Specific Gravity","All Grain"
"AMERICAN","IPA",14,1.068,1.013,7.2,60.64,10.21,48,60,34,65,"Specific Gravity","All Grain"
"AMERICAN","PALE",20,1.049,1.009,5.26,42.59,4.75,86,90,20,75,"Specific Gravity","All Grain"
"AMERICAN","IPA",18.93,1.057,1.014,5.6,64.4,6.11,7,60,77,35,"Specific Gravity","extract"
"ENGLISH","PORTER",21,1.054,1.016,5.06,27.53,31.59,93,65,25,65,"Specific Gravity","All Grain"
"BLONDE","ALE",25,1.058,1.015,5.67,26.22,4.46,107,60,32,65,"Specific Gravity","BIAB"
"AMERICAN","IPA",20.82,1.052,1.01,5.55,45.47,7.23,123,60,15,60,"Specific Gravity","All Grain"
"ENGLISH","IPA",21,1.053,1.013,5.18,43.93,6.41,93,60,23,70,"Specific Gravity","BIAB"
"OATMEAL","STOUT",151.42,1.067,1.018,6.49,33.46,32.9,35,60,48,75,"Specific Gravity","All Grain"
"AMERICAN","PALE",18.93,1.041,1.008,4.36,17.23,2.8,202,55,66,35,"Specific Gravity","extract"
"AMERICAN","IPA",26,1.063,1.011,6.86,103.47,11.27,111,60,37,70,"Specific Gravity","All Grain"
"AMERICAN","IPA",20,1.06,1.014,6.1,62.25,7.33,97,60,26,70,"Specific Gravity","All Grain"
"AMERICAN","STOUT",18.93,1.092,1.024,8.88,76.08,46.58,71,60,55,65,"Specific Gravity","All Grain"
"AMERICAN","PALE",20,1.04,1.007,4.3,36.34,8.05,70,60,17,56,"Specific Gravity","All Grain"
"AMERICAN","IPA",18.93,1.06,1.014,6.1,61.1,29.64,95,60,24,70,"Specific Gravity","All Grain"
"AMERICAN","IPA",19.87,1.045,1.009,4.72,51.53,6.45,83,60,18,72,"Specific Gravity","All Grain"
"SPECIALTY","IPA",18.93,1.063,1.012,6.73,87.64,19.81,83,60,29,75,"Specific Gravity","All Grain"
"IMPERIAL","IPA",20.82,1.088,1.015,9.59,165.63,37.65,95,75,48,70,"Specific Gravity","All Grain"
"AMERICAN","PALE",23,1.043,1.007,4.76,40.27,4.36,87,65,21,70,"Specific Gravity","BIAB"
"IMPERIAL","IPA",45,1.08,1.014,8.76,63.95,8.19,179,60,40,63,"Specific Gravity","All Grain"
"INTERNATIONAL","PALE",37.85,1.046,1.011,4.57,24.66,4.47,108,60,41,70,"Specific Gravity","Partial Mash"
"AMERICAN","PALE",5.4,1.055,1.01,5.89,41.43,4.26,169,60,30,70,"Specific Gravity","BIAB"
"AMERICAN","IPA",20.82,1.071,1.017,7.09,65.39,6.46,95,75,36,72,"Specific Gravity","All Grain"
"AMERICAN","PALE",20.82,1.06,1.014,6.02,161.69,5.93,95,75,28,65,"Specific Gravity","All Grain"
"AMERICAN","PALE",20.82,1.056,1.011,5.95,42.06,4.38,90,60,27,75,"Specific Gravity","BIAB"
"BLONDE","ALE",15.14,1.068,1.019,6.45,28.87,6.55,71,60,26,70,"Specific Gravity","All Grain"
"INTERNATIONAL","PALE",23,1.052,1.008,5.79,20.61,3.28,100,90,25,75,"Specific Gravity","All Grain"
"AMERICAN","PALE",25,1.05,1.01,5.36,40.11,3.43,124,60,20,75,"Specific Gravity","All Grain"
"AMERICAN","IPA",20.82,1.06,1.013,6.08,60.16,10.54,95,60,28,60,"Specific Gravity","All Grain"
"SPECIALTY","IPA",18.93,1.066,1.022,5.84,85.51,50,95,90,28,65,"Specific Gravity","All Grain"
"OATMEAL","STOUT",18.93,1.06,1.014,6.02,34.96,33.55,18,60,68,35,"Specific Gravity","extract"
"AMERICAN","PORTER",22.71,1.055,1.016,5.12,24.37,33.59,95,60,28,75,"Specific Gravity","All Grain"
"AMERICAN","PALE",20.82,1.053,1.013,5.17,43.43,8.65,7,60,52,35,"Specific Gravity","extract"
"OATMEAL","STOUT",5.68,1.057,1.014,5.63,34.57,33.21,28,90,7,70,"Specific Gravity","BIAB"
"AMERICAN","IPA",15,1.052,1.01,5.48,39.66,10.03,52,60,23,73,"Specific Gravity","All Grain"
"AMERICAN","PALE",43.53,1.056,1.016,5.13,51.71,11.28,145,60,35,70,"Specific Gravity","All Grain"
"AMERICAN","IPA",20.82,1.065,1.017,6.34,81.55,4.74,95,90,32,70,"Specific Gravity","All Grain"
"AMERICAN","IPA",20.82,1.049,1.009,5.27,69.85,7.74,95,60,20,60,"Specific Gravity","BIAB"
"AMERICAN","IPA",20.82,1.068,1.017,6.73,69.88,7.37,95,70,34,70,"Specific Gravity","All Grain"
"AMERICAN","IPA",26,1.049,1.011,4.95,59.2,5.11,97,60,29,80,"Specific Gravity","All Grain"
"AMERICAN","PALE",492.1,1.053,1.009,5.71,48.77,4.11,140,60,44,80,"Specific Gravity","All Grain"
"AMERICAN","IPA",20,1.045,1.009,4.83,43.16,8.93,73,60,20,63,"Specific Gravity","All Grain"
"BLONDE","ALE",18.93,1.045,1.009,4.64,23.12,3.99,71,60,18,70,"Specific Gravity","All Grain"
"AMERICAN","PALE",20.5,1.058,1.013,5.88,57.86,8.38,76,60,31,78,"Specific Gravity","All Grain"
"AMERICAN","IPA",20.82,1.068,1.013,7.19,87.08,7.31,103,60,32,70,"Specific Gravity","BIAB"
"AMERICAN","IPA",35.96,1.059,1.014,5.9,72.1,6.08,136,60,35,75,"Specific Gravity","BIAB"
"AMERICAN","PALE",613.24,1.056,1.007,6.41,18.11,4.38,177,90,39,75,"Specific Gravity","All Grain"
"SWEET","STOUT",20.82,1.047,1.015,4.16,36.56,36.64,7,60,68,35,"Specific Gravity","Partial Mash"
"SPECIALTY","IPA",20.82,1.057,1.015,5.48,58.57,6.98,83,60,28,75,"Specific Gravity","All Grain"
"BELGIAN","PALE",20.82,1.054,1.007,6.08,26.83,7.65,83,90,26,70,"Specific Gravity","All Grain"
"AMERICAN","PALE",3.79,1.04,1.009,4.14,51.18,8.77,150,60,11,65,"Specific Gravity","All Grain"
"AMERICAN","IPA",43.53,1.063,1.015,6.31,86.41,5.54,155,70,36,80,"Specific Gravity","All Grain"
"AMERICAN","PALE",18.93,1.056,1.015,5.44,57.03,11.13,7,60,75,35,"Specific Gravity","extract"
"AMERICAN","PALE",22.71,1.053,1.013,5.26,32.16,9.64,83,60,29,75,"Specific Gravity","All Grain"
"AMERICAN","IPA",20,1.061,1.011,6.6,65.24,8.26,68,60,35,73,"Specific Gravity","All Grain"
"AMERICAN","IPA",30.28,1.07,1.018,6.93,49.61,6.34,108,60,54,70,"Specific Gravity","All Grain"
"IMPERIAL","IPA",24.61,1.069,1.011,7.51,127.22,5.6,108,90,40,80,"Specific Gravity","All Grain"
"AMERICAN","IPA",22,1.053,1.011,5.6,63,14.57,87,60,27,75,"Specific Gravity","BIAB"
"CREAM","ALE",80,1.045,1.011,4.45,13.18,4.34,151,60,56,70,"Specific Gravity","All Grain"
"AMERICAN","PALE",11.36,1.06,1.014,6.05,70.44,7.76,40,60,24,65,"Specific Gravity","All Grain"
"IMPERIAL","IPA",24,1.074,1.018,7.28,0,10.61,107,90,43,45,"Specific Gravity","All Grain"
"AMERICAN","IPA",20.82,1.066,1.014,6.84,68.09,5.38,83,60,36,68,"Specific Gravity","All Grain"
"SWEET","STOUT",21,1.063,1.017,6.03,0,26.02,6,20,98,88,"Specific Gravity","extract"
"AMERICAN","IPA",22,1.044,1.01,4.49,61.59,6.62,107,50,17,59,"Specific Gravity","BIAB"
"AMERICAN","IPA",24.5,1.055,1.009,6.04,64.95,4.28,107,60,29,75,"Specific Gravity","BIAB"
"AMERICAN","IPA",20.82,1.065,1.012,6.92,94.91,7.73,7,60,97,35,"Specific Gravity","extract"
"ENGLISH","IPA",9.84,1.065,1.017,6.3,44.16,12.11,16,60,34,84,"Specific Gravity","BIAB"
"AMERICAN","PALE",48,1.053,1.013,5.24,34.27,8.51,161,60,30,75,"Specific Gravity","All Grain"
"TROPICAL","STOUT",12.3,1.06,1.018,5.57,30.14,7.41,28,60,33,80,"Specific Gravity","All Grain"
"AMERICAN","IPA",11.36,1.057,1.017,5.32,55.57,3.84,40,60,22,65,"Specific Gravity","BIAB"
"OATMEAL","STOUT",5,1.066,1.012,6.99,0,40,167,90,39,70,"Specific Gravity","BIAB"
"ROBUST","PORTER",20.82,1.067,1.019,6.36,28.66,39.19,95,90,33,75,"Specific Gravity","All Grain"
"AMERICAN","PALE",22,1.066,1.017,6.47,46.17,7.02,97,60,35,80,"Specific Gravity","BIAB"
"SPECIALTY","IPA",35,1.047,1.008,5.14,10.69,15.08,134,60,25,75,"Specific Gravity","All Grain"
"AMERICAN","PALE",20.82,1.057,1.013,5.79,30.17,9.46,95,60,26,75,"Specific Gravity","All Grain"
"SWEET","STOUT",18.93,1.068,1.019,6.53,29.26,41.06,95,60,29,75,"Specific Gravity","All Grain"
"AMERICAN","IPA",60,1.052,1.009,5.56,19.7,7.27,181,60,30,66,"Specific Gravity","All Grain"
"IMPERIAL","IPA",20.82,1.084,1.019,8.49,78.6,8.62,71,60,55,60,"Specific Gravity","All Grain"
"ENGLISH","PORTER",23,1.05,1.012,4.98,33.02,24.1,97,90,24,60,"Specific Gravity","BIAB"
"AMERICAN","IPA",20.82,1.064,1.016,6.33,58.21,15.35,83,90,35,75,"Specific Gravity","All Grain"
"AMERICAN","IPA",18.93,1.074,1.013,8.04,101.24,7.59,127,60,23,70,"Specific Gravity","BIAB"
"AMERICAN","IPA",17.03,1.067,1.011,7.33,152.07,27.23,71,60,30,70,"Specific Gravity","BIAB"
"BELGIAN","PALE",24.61,1.057,1.007,6.59,80.43,6,122,90,22,83,"Specific Gravity","All Grain"
"BLONDE","ALE",18.93,1.041,1.008,4.34,26.31,4.64,7,60,52,80,"Specific Gravity","extract"
"AMERICAN","IPA",20.82,1.083,1.012,9.21,197,6.9,95,60,45,80,"Specific Gravity","BIAB"
"DOUBLE","IPA",20.82,1.086,1.025,8.01,139.92,7.46,71,60,57,70,"Specific Gravity","All Grain"
"AMERICAN","PALE",39.75,1.06,1.015,5.81,49.59,6.06,157,70,28,75,"Specific Gravity","All Grain"
"AMERICAN","PORTER",11.36,1.063,1.014,6.39,43.76,34.77,24,60,34,79,"Specific Gravity","BIAB"
"AMERICAN","PALE",20.82,1.05,1.009,5.38,36.76,6.63,85,60,23,65,"Specific Gravity","All Grain"
"AMERICAN","IPA",20.82,1.066,1.013,7.02,72.11,6.79,95,60,32,70,"Specific Gravity","All Grain"
"BLONDE","ALE",8.5,1.046,1.009,4.83,17.85,4.29,204,60,24,75,"Specific Gravity","All Grain"
"AMERICAN","IPA",20,1.026,1.004,2.78,98.67,5.69,73,60,6,35,"Specific Gravity","All Grain"
"AMERICAN","IPA",21.5,1.055,1.012,5.69,12.91,4.21,78,60,29,70,"Specific Gravity","BIAB"
"AMERICAN","IPA",22.71,1.036,1.009,3.47,25.72,3.18,95,60,13,70,"Specific Gravity","All Grain"
"AMERICAN","IPA",3.79,1.053,1.013,5.19,57.86,10.08,168,60,17,60,"Specific Gravity","All Grain"
"AMERICAN","PORTER",12.3,1.059,1.015,5.79,37.12,34.81,28,60,32,75,"Specific Gravity","All Grain"
"AMERICAN","IPA",20.82,1.068,1.017,6.7,70.21,40,95,60,34,75,"Specific Gravity","All Grain"
"BLONDE","ALE",32,1.043,1.011,4.25,26.34,7.13,137,60,17,70,"Specific Gravity","All Grain"
"BALTIC","PORTER",37.85,1.085,1.021,8.37,37.47,30.71,148,60,49,80,"Specific Gravity","All Grain"
"BLONDE","ALE",20,1.05,1.012,4.91,0,5.93,97,60,19,71,"Specific Gravity","All Grain"
"AMERICAN","IPA",18.93,1.065,1.015,6.49,108.93,6.36,95,60,27,80,"Specific Gravity","All Grain"
"AMERICAN","IPA",24,1.059,1.012,6.24,61.84,9.76,87,60,37,67,"Specific Gravity","All Grain"
"AMERICAN","PALE",28,1.049,1.011,4.94,47.44,7.17,124,60,23,73,"Specific Gravity","All Grain"
"SPECIALTY","IPA",22,1.058,1.01,6.31,57.09,10.01,63,60,39,75,"Specific Gravity","All Grain"
"AMERICAN","IPA",11,1.07,1.013,7.48,60.77,11.16,48,60,24,60,"Specific Gravity","BIAB"
"DOUBLE","IPA",5,1.08,1.022,7.69,38,6.83,192,60,34,65,"Specific Gravity","BIAB"
"AMERICAN","IPA",22.71,1.066,1.009,7.48,65.19,12.21,88,60,39,70,"Specific Gravity","BIAB"
"AMERICAN","IPA",19.87,1.066,1.01,7.36,108.28,4.44,71,75,37,70,"Specific Gravity","All Grain"
"AMERICAN","PALE",20.82,1.059,1.015,5.85,46.74,6.12,95,90,28,65,"Specific Gravity","All Grain"
"AMERICAN","PALE",18.93,1.044,1.011,4.3,70.67,3.97,62,60,20,35,"Specific Gravity","extract"
"ENGLISH","IPA",20.82,1.056,1.014,5.46,51.88,10.85,95,90,25,72,"Specific Gravity","BIAB"
"SPECIALTY","IPA",56.78,1.059,1.011,6.34,79.13,4.44,182,60,34,75,"Specific Gravity","All Grain"
"SPECIALTY","IPA",40,1.067,1.011,7.23,87.81,10.98,161,75,32,35,"Specific Gravity","extract"
"BELGIAN","PALE",19,1.027,1.006,2.75,19.78,3.34,56,60,9,35,"Specific Gravity","All Grain"
"AMERICAN","IPA",22.71,1.063,1.014,6.47,79.02,11.63,95,60,35,80,"Specific Gravity","All Grain"
"AMERICAN","IPA",20.82,1.061,1.013,6.18,77.02,7.01,95,60,28,60,"Specific Gravity","All Grain"
"OATMEAL","STOUT",20.82,1.05,1.012,4.97,33.04,33.7,202,60,89,65,"Specific Gravity","extract"
"AMERICAN","PALE",35,1.066,1.015,6.65,34.29,6.05,134,60,42,76,"Specific Gravity","All Grain"
"AMERICAN","PALE",25,1.048,1.012,4.76,26.07,4.13,73,60,32,75,"Specific Gravity","All Grain"
"AMERICAN","IPA",20.82,1.064,1.016,6.27,40.82,9.16,71,60,38,65,"Specific Gravity","All Grain"
"AMERICAN","IPA",21,1.054,1.013,5.31,104.69,6.16,97,60,24,60,"Specific Gravity","BIAB"
"ROBUST","PORTER",10,1.06,1.013,6.17,42.43,50,1,60,44,35,"Specific Gravity","extract"
"AMERICAN","IPA",11.36,1.066,1.016,6.6,57.29,7.02,31,60,31,70,"Specific Gravity","BIAB"
"DRY","STOUT",18.93,1.046,1.01,4.69,22.62,31.44,62,60,23,70,"Specific Gravity","All Grain"
"AMERICAN","IPA",20.82,1.063,1.016,6.14,86.49,7.9,95,60,30,70,"Specific Gravity","All Grain"
"ROBUST","PORTER",3.03,1.056,1.013,5.58,71.86,29.69,150,75,14,70,"Specific Gravity","BIAB"
"IRISH","STOUT",23.66,1.047,1.013,4.52,50.78,27.39,90,60,25,70,"Specific Gravity","All Grain"
"IMPERIAL","STOUT",5,1.141,1.025,15.2,90.38,43.28,183,90,82,85,"Specific Gravity","BIAB"
"AMERICAN","PALE",20.82,1.021,1.003,2.25,25.1,3.07,83,60,3,35,"Specific Gravity","BIAB"
"OATMEAL","STOUT",20.82,1.059,1.016,5.65,28.64,30.08,95,60,27,75,"Specific Gravity","All Grain"
"AMERICAN","PALE",18.93,1.062,1.014,6.42,58.88,6.72,71,90,32,75,"Specific Gravity","All Grain"
"OLD","ALE",20,1.097,1.028,9,52.29,24.46,73,90,61,65,"Specific Gravity","All Grain"
"AMERICAN","IPA",22.71,1.099,1.027,9.48,33.9,6.81,95,90,63,70,"Specific Gravity","All Grain"
"AMERICAN","IPA",45.42,14.4781,2.67335,6.36,52.46,8.61,155,60,127,70,"Plato","All Grain"
"IMPERIAL","IPA",20.82,1.09,1.021,9.02,121.67,9.92,95,60,50,66,"Specific Gravity","All Grain"
"INTERNATIONAL","PALE",19.87,1.056,1.01,6.05,114.68,9.28,202,60,96,60,"Specific Gravity","extract"
"ENGLISH","PORTER",18,13.0668,2.46055,5.68,33.7,27.34,59,60,120,63,"Plato","All Grain"
"AMERICAN","PORTER",37.85,1.077,1.021,7.42,56.54,32.73,95,60,84,70,"Specific Gravity","All Grain"
"AMERICAN","PALE",21,1.048,1.008,5.2,44.69,7.88,73,60,24,65,"Specific Gravity","All Grain"
"AMERICAN","IPA",16.7,1.052,1.012,5.21,72.51,5.64,48,60,29,73,"Specific Gravity","BIAB"
"SWEET","STOUT",18.93,1.079,1.027,6.89,31.41,38.8,7,60,103,35,"Specific Gravity","extract"
"AMERICAN","IPA",21.2,1.068,1.018,6.64,85.58,7.51,95,60,35,72,"Specific Gravity","All Grain"
"AMERICAN","IPA",23.09,1.065,1.012,6.86,108.69,13.05,31,60,76,25,"Specific Gravity","extract"
"AMERICAN","IPA",22.71,1.066,1.013,7.01,79.02,6.75,83,90,41,80,"Specific Gravity","All Grain"
"IMPERIAL","IPA",3.79,1.104,1.018,11.38,59.69,14.86,150,90,53,65,"Specific Gravity","All Grain"
"SPECIALTY","IPA",23,1.043,1.007,4.7,68.88,13.07,131,60,10,51,"Specific Gravity","All Grain"
"AMERICAN","PALE",22,1.056,1.01,6.06,39.39,9.01,124,60,19,68,"Specific Gravity","BIAB"
"AMERICAN","PALE",20.82,1.053,1.011,5.46,72.69,6.26,95,60,23,75,"Specific Gravity","BIAB"
"AMERICAN","PALE",20.82,1.055,1.01,5.95,47.5,10.82,116,60,20,75,"Specific Gravity","All Grain"
"AMERICAN","PALE",18.93,1.054,1.017,4.93,22.53,6,62,60,29,35,"Specific Gravity","extract"
"BROWN","PORTER",19.87,1.051,1.015,4.81,12.87,17.9,71,60,8,35,"Specific Gravity","extract"
"AMERICAN","STOUT",17.03,1.092,1.034,7.61,28.41,50,40,60,74,70,"Specific Gravity","BIAB"
"SPECIALTY","IPA",18.93,1.094,1.018,10.03,199.57,50,185,75,118,35,"Specific Gravity","extract"
"AMERICAN","IPA",23,1.066,1.016,6.59,55.79,5.83,93,60,38,80,"Specific Gravity","All Grain"
"CZECH","PALE",21,1.043,1.01,4.33,30.13,3.48,97,65,16,55,"Specific Gravity","All Grain"
"INTERNATIONAL","PALE",25,1.051,1.01,5.37,30.67,6.12,97,60,29,80,"Specific Gravity","All Grain"
"INTERNATIONAL","PALE",13,1.048,1.012,4.68,18.1,4.26,39,60,20,50,"Specific Gravity","All Grain"
"AMERICAN","IPA",21,1.072,1.011,8.02,155.47,10.22,59,60,53,35,"Specific Gravity","BIAB"
"DOUBLE","IPA",20.82,1.08,1.022,7.63,71.08,5.35,95,90,40,65,"Specific Gravity","All Grain"
"SWEET","STOUT",18.93,1.08,1.017,8.29,0,50,95,60,38,75,"Specific Gravity","All Grain"
"AMERICAN","IPA",90.85,1.056,1.009,6.12,74.1,6.11,13,60,29,75,"Specific Gravity","All Grain"
"BLONDE","ALE",8,1.046,1.012,4.56,17.87,3.7,14,60,15,60,"Specific Gravity","BIAB"
"ENGLISH","IPA",25,1.068,1.017,7.08,108.21,9.94,97,90,44,70,"Specific Gravity","All Grain"
"AMERICAN","IPA",20.82,1.057,1.011,6.04,71.29,15.3,71,60,32,70,"Specific Gravity","BIAB"
"DOUBLE","IPA",20.82,1.074,1.015,7.69,128.4,9.67,71,60,47,70,"Specific Gravity","All Grain"
"AMERICAN","IPA",18.93,1.069,1.015,7.14,65.6,7.12,71,60,37,70,"Specific Gravity","All Grain"
"SPECIALTY","IPA",50,15.9541,3.16745,6.93,64.67,32.8,179,60,126,75,"Plato","All Grain"
"AMERICAN","IPA",18.93,1.072,1.016,7.31,67.13,8.72,71,60,39,70,"Specific Gravity","BIAB"
"ENGLISH","IPA",25,1.058,1.013,5.84,54.01,6.35,128,60,24,69,"Specific Gravity","All Grain"
"AMERICAN","PALE",45.42,1.058,1.014,5.68,0,8.75,143,60,42,70,"Specific Gravity","All Grain"
"SPECIALTY","IPA",20.82,1.067,1.011,7.36,80.1,12.63,95,75,33,75,"Specific Gravity","All Grain"
"BLONDE","ALE",20,1.047,1.008,5.01,20.08,4.27,87,60,19,72,"Specific Gravity","All Grain"
"AMERICAN","IPA",20.82,1.059,1.015,5.82,36.17,7.83,72,60,33,65,"Specific Gravity","All Grain"
"BELGIAN","PALE",20.82,1.04,1.006,4.55,28.81,4.36,71,60,18,35,"Specific Gravity","extract"
"AMERICAN","IPA",20.82,1.063,1.016,6.23,61.92,7.24,95,90,30,75,"Specific Gravity","All Grain"
"CREAM","ALE",24,1.054,1.012,5.42,39.91,3.55,184,25,13,67.5,"Specific Gravity","Partial Mash"
"AMERICAN","PALE",20,1.057,1.011,6.01,41.57,5.87,97,60,24,70,"Specific Gravity","All Grain"
"AMERICAN","PALE",11.36,1.048,1.011,4.89,30.01,5.38,40,60,16,65,"Specific Gravity","BIAB"
"IMPERIAL","IPA",20.82,1.08,1.02,7.84,134.09,18.45,95,60,42,70,"Specific Gravity","All Grain"
"AMERICAN","PALE",13,1.044,1.009,4.67,56.52,6.72,52,60,13,70,"Specific Gravity","BIAB"
"BLONDE","ALE",20.82,1.047,1.008,5.18,26.82,5,71,60,24,75,"Specific Gravity","BIAB"
"AMERICAN","IPA",20.82,1.04,1.013,3.56,24.69,4.98,83,60,15,68,"Specific Gravity","All Grain"
"SWEET","STOUT",20.82,1.066,1.024,5.6,52.46,36.61,71,90,34,70,"Specific Gravity","All Grain"
"IMPERIAL","IPA",17.41,1.073,1.014,7.77,116.65,5.64,46,60,51,25,"Specific Gravity","extract"
"CREAM","ALE",17.98,1.063,1.015,6.36,29.16,6.28,95,60,24,80,"Specific Gravity","All Grain"
"AMERICAN","IPA",24.61,1.071,1.016,7.22,95.49,7.19,116,90,38,77,"Specific Gravity","All Grain"
"ENGLISH","IPA",21,1.051,1.012,5.17,59.81,8.32,87,60,2,50,"Specific Gravity","extract"
"AMERICAN","IPA",18.93,1.062,1.015,6.12,74.49,5.7,95,90,25,70,"Specific Gravity","All Grain"
"AMERICAN","IPA",18.93,1.053,1.014,5.13,32.8,3.73,7,60,71,35,"Specific Gravity","extract"
"AMERICAN","IPA",20.82,1.059,1.012,6.15,114.61,8.6,95,90,27,75,"Specific Gravity","All Grain"
"AMERICAN","PALE",20.82,1.056,1.016,5.26,49.33,8.29,71,60,31,75,"Specific Gravity","All Grain"
"AMERICAN","PALE",20.82,1.051,1.013,4.94,43.8,7.47,18,60,64,35,"Specific Gravity","extract"
"AMERICAN","PALE",8.52,1.047,1.009,4.96,17.82,3.01,2,30,22,35,"Specific Gravity","extract"
"SWEET","STOUT",20.82,1.065,1.011,7.01,16.4,33.85,202,60,104,35,"Specific Gravity","extract"
"BLONDE","ALE",20.82,1.043,1.008,4.55,62.93,4.71,18,60,51,65,"Specific Gravity","Partial Mash"
"AMERICAN","IPA",5,1.075,1.021,7.12,26.99,9.3,183,60,37,70,"Specific Gravity","BIAB"
"AMERICAN","PALE",4,1.055,1.014,5.38,32.3,5.74,167,60,20,70,"Specific Gravity","All Grain"
"AMERICAN","PALE",5,14.0118,2.3984,6.24,42.07,8.12,1,60,134,71,"Plato","BIAB"
"INTERNATIONAL","PALE",3.79,1.047,1.009,4.94,20.35,5.08,132,60,23,35,"Specific Gravity","Partial Mash"
"AMERICAN","IPA",800,14.3558,3.81536,5.7,59.28,5.17,197,60,132,90,"Plato","All Grain"
"OATMEAL","STOUT",3.79,1.058,1.014,5.7,40.12,34.15,185,60,13,60,"Specific Gravity","Partial Mash"
"AMERICAN","IPA",15.14,1.057,1.015,5.55,68.56,5.56,46,60,30,75,"Specific Gravity","All Grain"
"IMPERIAL","IPA",20.82,1.074,1.023,6.57,276.72,4.81,102,90,37,70,"Specific Gravity","BIAB"
"OATMEAL","STOUT",1994.91,1.058,1.015,5.74,37.53,33.14,58,45,38,85,"Specific Gravity","All Grain"
"BELGIAN","PALE",23,1.05,1.009,5.43,22.42,7.78,21,90,66,70,"Specific Gravity","All Grain"
"AMERICAN","IPA",20.82,1.06,1.012,6.24,50.34,4.85,71,60,34,74,"Specific Gravity","BIAB"
"DOUBLE","IPA",22.71,1.072,1.01,8.09,51.99,5.54,103,60,40,73.5,"Specific Gravity","All Grain"
"IMPERIAL","IPA",7,1.127,1.029,12.78,101.43,50,186,60,94,70,"Specific Gravity","All Grain"
"AMERICAN","IPA",40,1.069,1.017,6.76,60.83,8.15,155,60,36,75,"Specific Gravity","All Grain"
"AMERICAN","PALE",45.42,1.055,1.014,5.44,0,5.14,130,90,50,60,"Specific Gravity","All Grain"
"AMERICAN","PORTER",20.82,1.067,1.018,6.39,34,27.22,95,90,33,83,"Specific Gravity","BIAB"
"AMERICAN","IPA",20.82,1.062,1.019,5.64,60.69,9.27,95,60,29,60,"Specific Gravity","All Grain"
"AMERICAN","STOUT",23,1.069,1.017,6.82,88.9,39.15,21,60,93,75,"Specific Gravity","All Grain"
"DOUBLE","IPA",26,1.068,1.012,7.28,90.08,11.87,107,60,43,61,"Specific Gravity","BIAB"
"AMERICAN","IPA",20.82,1.062,1.016,6.12,44.26,9.03,95,60,30,65,"Specific Gravity","All Grain"
"AMERICAN","PALE",17.79,1.049,1.011,5.07,58.43,5.57,83,60,17,70,"Specific Gravity","All Grain"
"AMERICAN","PALE",10,1.044,1.01,4.5,49.82,5.25,49,60,8,70,"Specific Gravity","All Grain"
"ENGLISH","IPA",27.44,1.054,1.013,5.36,99.52,5.8,122,60,27,73,"Specific Gravity","All Grain"
"AMERICAN","PALE",21,1.054,1.01,5.76,42.23,7.03,78,60,27,65,"Specific Gravity","All Grain"
"OATMEAL","STOUT",20.82,1.048,1.013,4.56,40.29,34.14,95,60,19,70,"Specific Gravity","All Grain"
"AMERICAN","PALE",18.93,1.052,1.013,5.17,37.01,3.8,46,60,36,70,"Specific Gravity","All Grain"
"AMERICAN","PALE",37.85,1.059,1.01,6.37,23.43,7.58,143,60,33,70,"Specific Gravity","All Grain"
"AMERICAN","IPA",19,1.067,1.012,7.22,68.75,7.29,107,45,26,65,"Specific Gravity","All Grain"
"AMERICAN","IPA",17.5,1.071,1.018,6.89,67.55,4.05,73,60,33,80,"Specific Gravity","BIAB"
"IMPERIAL","IPA",20,1.086,1.016,9.14,95.91,6.69,131,60,29,75,"Specific Gravity","All Grain"
"AMERICAN","PALE",10.41,1.044,1.011,4.33,64,6.14,185,60,45,35,"Specific Gravity","extract"
"AMERICAN","IPA",5,1.062,1.011,6.79,86.35,12.86,183,60,29,80,"Specific Gravity","BIAB"
"DOUBLE","IPA",20.82,1.085,1.014,9.35,71.17,8.65,95,60,46,65,"Specific Gravity","All Grain"
"AMERICAN","PALE",21,1.047,1.009,5,36.09,6.73,73,60,24,70,"Specific Gravity","All Grain"
"AMERICAN","IPA",21,1.065,1.011,7.09,71.32,6.16,87,60,35,75,"Specific Gravity","BIAB"
"AMERICAN","IPA",10,1.075,1.021,7.04,48.47,8.45,167,60,100,35,"Specific Gravity","extract"
"DOUBLE","IPA",32.18,1.079,1.014,8.61,147.57,5.83,127,60,55,83,"Specific Gravity","BIAB"
"AMERICAN","IPA",19.87,1.066,1.015,6.67,59.89,5.82,40,60,61,75,"Specific Gravity","Partial Mash"
"ROBUST","PORTER",20.82,1.061,1.015,6.04,34.61,47.08,83,90,32,70,"Specific Gravity","All Grain"
"OATMEAL","STOUT",21,1.056,1.017,5.15,29.39,37.36,97,60,25,70,"Specific Gravity","All Grain"
"AMERICAN","PALE",37.85,1.057,1.01,6.2,46.27,11.87,143,60,32,70,"Specific Gravity","All Grain"
"BALTIC","PORTER",20.82,1.063,1.016,6.19,38.59,31.62,95,60,30,65,"Specific Gravity","All Grain"
"AMERICAN","IPA",20,1.059,1.014,5.98,44.24,5.4,97,60,26,73,"Specific Gravity","BIAB"
"SWEET","STOUT",20.82,1.073,1.032,5.33,37.45,40,103,90,36,70,"Specific Gravity","All Grain"
"AMERICAN","PALE",25,1.057,1.012,5.89,46.37,4.15,101,60,33,80,"Specific Gravity","All Grain"
"DOUBLE","IPA",28.39,1.069,1.008,8.46,33,6.11,116,60,35,65,"Specific Gravity","All Grain"
"AMERICAN","PALE",7.57,1.053,1.01,5.66,41.65,9.45,150,60,55,35,"Specific Gravity","extract"
"AMERICAN","IPA",20.5,1.06,1.011,6.46,59.01,8.61,73,60,33,78,"Specific Gravity","BIAB"
"BLONDE","ALE",13.25,1.051,1.013,4.97,19.27,5.52,37,60,26,70,"Specific Gravity","All Grain"
"AMERICAN","PALE",20.82,1.048,1.009,5.06,36.32,6.07,95,60,19,70,"Specific Gravity","All Grain"
"AMERICAN","IPA",20.82,1.074,1.019,7.16,89.7,9.59,83,60,42,75,"Specific Gravity","All Grain"
"BLONDE","ALE",19,1.04,1.008,4.23,17.28,4.73,21,60,38,70,"Specific Gravity","BIAB"
"ROBUST","PORTER",20.82,1.063,1.018,5.98,27.72,40,7,60,95,35,"Specific Gravity","extract"
"BROWN","PORTER",18.93,1.072,1.023,6.48,31.5,50,7,60,91,70,"Specific Gravity","Partial Mash"
"AMERICAN","PALE",23,1.033,1.006,3.49,89.26,3.36,6,60,53,35,"Specific Gravity","extract"
"AMERICAN","IPA",20.8,1.067,1.012,7.25,61.05,5.07,97,60,33,75,"Specific Gravity","BIAB"
"AMERICAN","IPA",21,1.07,1.015,7.22,75.21,3.74,73,60,43,75,"Specific Gravity","BIAB"
"SPECIALTY","IPA",25,1.07,1.019,6.69,44.54,20.46,121,90,35,70,"Specific Gravity","All Grain"
"AMERICAN","IPA",20.82,1.064,1.016,6.26,32.98,4.24,95,90,31,70,"Specific Gravity","All Grain"
"BLONDE","ALE",70,1.045,1.008,4.9,20.35,3.24,161,70,41,90,"Specific Gravity","All Grain"
"AMERICAN","IPA",20.82,1.069,1.019,6.57,63.21,7.34,95,60,34,70,"Specific Gravity","BIAB"
"SPECIALTY","IPA",20.82,1.071,1.018,7.03,68.36,21.44,95,60,36,70,"Specific Gravity","All Grain"
"ENGLISH","PORTER",20.82,1.057,1.016,5.4,28.64,38.43,113,90,22,60,"Specific Gravity","BIAB"
"AMERICAN","PALE",23,1.054,1.011,5.71,49.87,6.8,97,60,28,75,"Specific Gravity","BIAB"
"AMERICAN","IPA",23,1.03,1.007,3.01,0,7.72,97,60,9,35,"Specific Gravity","All Grain"
"AMERICAN","IPA",22.71,1.076,1.018,7.57,175.2,5.53,108,90,37,80,"Specific Gravity","All Grain"
"AMERICAN","IPA",19,1.058,1.011,6.09,140.31,5.64,61,60,32,60,"Specific Gravity","All Grain"
"IMPERIAL","IPA",18.93,1.075,1.015,7.9,98.44,7.69,83,60,31,65,"Specific Gravity","Partial Mash"
"IMPERIAL","STOUT",18.93,1.094,1.021,9.65,102.64,39.31,108,60,43,70,"Specific Gravity","BIAB"
"AMERICAN","PALE",21,1.049,1.009,5.21,39.36,11.1,73,60,25,70,"Specific Gravity","All Grain"
"IMPERIAL","STOUT",20.82,1.09,1.024,8.77,45.41,50,95,60,50,50,"Specific Gravity","All Grain"
"BROWN","PORTER",20.82,1.049,1.015,4.41,18.36,26.11,95,60,20,75,"Specific Gravity","All Grain"
"SPECIALTY","IPA",21,1.059,1.013,6.07,53.98,15.49,97,70,28,75,"Specific Gravity","All Grain"
"AMERICAN","IPA",22.71,1.065,1.015,6.56,101.76,10.66,40,60,70,75,"Specific Gravity","extract"
"ROBUST","PORTER",20.82,1.102,1.029,9.64,85.91,33.29,7,60,115,35,"Specific Gravity","extract"
"ENGLISH","IPA",25,1.044,1.013,4.06,49.86,5.02,52,60,39,70,"Specific Gravity","All Grain"
"AMERICAN","IPA",22,1.066,1.011,7.19,47.6,6.68,97,60,35,70,"Specific Gravity","BIAB"
"AMERICAN","IPA",37.85,1.076,1.01,8.74,10.06,8.46,164,105,35,67,"Specific Gravity","All Grain"
"BLONDE","ALE",13,1.055,1.013,5.56,21.98,5.09,52,60,20,77,"Specific Gravity","All Grain"
"SPECIALTY","IPA",80,1.058,1.011,6.11,56.09,4.78,173,90,50,75,"Specific Gravity","All Grain"
"AMERICAN","PALE",11.36,1.055,1.011,5.71,32.54,9.19,23,60,28,75,"Specific Gravity","All Grain"
"AMERICAN","STOUT",18.93,1.071,1.025,6.05,34.47,50,62,60,43,62,"Specific Gravity","All Grain"
"BELGIAN","PALE",20.82,1.048,1.012,4.7,35.07,7.73,130,60,11,60,"Specific Gravity","All Grain"
"CREAM","ALE",20.82,1.04,1.009,4.07,7.54,4.08,95,60,13,55,"Specific Gravity","All Grain"
"AMERICAN","IPA",24,1.064,1.018,6.02,55.69,10.57,97,60,38,70,"Specific Gravity","All Grain"
"AMERICAN","IPA",3.79,1.064,1.015,6.37,40.94,6.19,170,60,21,75,"Specific Gravity","All Grain"
"AMERICAN","IPA",117.35,16.0975,3.19727,7,70.91,8.06,25,60,131,85,"Plato","All Grain"
"AMERICAN","PALE",30,12.9715,2.39381,5.66,36.07,7.82,128,60,121,82,"Plato","All Grain"
"IMPERIAL","STOUT",19.87,1.096,1.021,9.82,109.14,50,71,60,62,65,"Specific Gravity","All Grain"
"AMERICAN","IPA",22.71,1.058,1.015,5.82,20.91,7.24,71,60,30,57,"Specific Gravity","All Grain"
"AMERICAN","IPA",20.82,1.054,1.008,6,39.66,4.97,95,60,24,72,"Specific Gravity","BIAB"
"AMERICAN","PALE",18.93,1.054,1.014,5.33,31.48,5.87,24,45,55,35,"Specific Gravity","extract"
"AMERICAN","IPA",50,1.077,1.013,8.4,56.3,7.3,161,75,54,90,"Specific Gravity","All Grain"
"OLD","ALE",43.53,1.065,1.018,6.16,31.62,10.65,143,60,47,75,"Specific Gravity","All Grain"
"AMERICAN","PALE",22.71,1.063,1.012,6.74,67.1,8.02,95,60,35,60,"Specific Gravity","All Grain"
"OATMEAL","STOUT",5,1.052,1.017,4.63,37.19,27.29,192,60,16,70,"Specific Gravity","BIAB"
"OATMEAL","STOUT",23,1.056,1.011,5.87,51.56,37.25,119,75,23,66,"Specific Gravity","BIAB"
"AMERICAN","PALE",25,1.052,1.01,5.44,61.44,6.91,97,90,30,70,"Specific Gravity","All Grain"
"AMERICAN","PALE",21,1.054,1.011,5.61,42.11,4.23,73,60,30,70,"Specific Gravity","All Grain"
"SPECIALTY","IPA",104,1.06,1.013,6.21,46.8,4.58,17,60,34,65,"Specific Gravity","All Grain"
"CREAM","ALE",20.82,1.054,1.014,5.36,19.97,5.94,95,75,24,70,"Specific Gravity","All Grain"
"AMERICAN","IPA",15,1.079,1.013,8.63,49.47,9.76,52,60,43,70,"Specific Gravity","BIAB"
"DRY","STOUT",20,1.046,1.008,4.98,42.49,29.34,83,60,19,70,"Specific Gravity","BIAB"
"DOUBLE","IPA",22.71,1.071,1.015,7.37,228.59,10.21,95,60,41,75,"Specific Gravity","All Grain"
"AMERICAN","IPA",15.14,1.069,1.016,6.88,68.94,4.87,40,60,45,70,"Specific Gravity","All Grain"
"INTERNATIONAL","PALE",20.82,1.051,1.013,5.01,21.07,3.1,7,60,75,35,"Specific Gravity","extract"
"AMERICAN","IPA",20.82,1.068,1.016,6.81,78.65,13.52,7,60,100,35,"Specific Gravity","Partial Mash"
"AMERICAN","STOUT",20.82,1.075,1.016,7.69,30.69,40.16,71,60,47,77,"Specific Gravity","All Grain"
"CREAM","ALE",18.93,1.042,1.01,4.26,51.35,2.76,28,70,37,35,"Specific Gravity","Partial Mash"
"AMERICAN","IPA",18.93,1.083,1.02,8.34,89.56,5.33,83,60,43,70,"Specific Gravity","All Grain"
"AMERICAN","IPA",24,1.064,1.016,6.32,100.96,4.32,87,90,41,70,"Specific Gravity","All Grain"
"AMERICAN","PALE",20,1.047,1.009,4.98,45.19,7.43,6,60,68,35,"Specific Gravity","extract"
"AMERICAN","PALE",21,1.056,1.013,5.64,54.31,9.48,97,60,25,65,"Specific Gravity","All Grain"
"AMERICAN","IPA",18.93,1.053,1.01,5.71,41.51,4.07,83,60,22,60,"Specific Gravity","All Grain"
"SPECIALTY","IPA",20.82,1.064,1.011,6.87,106.1,29.23,83,60,34,75,"Specific Gravity","All Grain"
"AMERICAN","IPA",21,1.062,1.014,6.27,61.73,5.97,73,60,36,73,"Specific Gravity","BIAB"
"AMERICAN","IPA",23,1.055,1.014,5.45,72.51,5.93,87,60,31,73,"Specific Gravity","All Grain"
"ENGLISH","PORTER",22,1.078,1.022,7.3,104.71,30.95,83,90,49,75,"Specific Gravity","All Grain"
"INTERNATIONAL","PALE",60.01,1.045,1.007,5.03,15.36,3,173,60,29,70,"Specific Gravity","All Grain"
"AMERICAN","IPA",20.82,1.068,1.014,7.1,82.23,7.35,77,60,40,70,"Specific Gravity","All Grain"
"BALTIC","PORTER",39.75,1.089,1.022,8.83,36.51,46.02,155,90,51,75,"Specific Gravity","All Grain"
"AMERICAN","PALE",18.93,1.06,1.015,5.87,40.39,10.71,95,60,24,70,"Specific Gravity","All Grain"
"AMERICAN","IPA",20.82,1.056,1.016,5.21,54.76,4.68,7,60,83,75,"Specific Gravity","Partial Mash"
"SPECIALTY","IPA",41.64,1.066,1.015,6.81,108.82,32.04,148,60,40,70,"Specific Gravity","All Grain"
"AMERICAN","IPA",20.82,1.067,1.017,6.53,67.58,7.79,71,60,41,75,"Specific Gravity","Partial Mash"
"IMPERIAL","IPA",20.82,1.102,1.018,10.98,101.8,9.81,95,60,59,70,"Specific Gravity","All Grain"
"AMERICAN","PALE",20,1.057,1.011,5.98,34.36,4.39,73,60,29,75,"Specific Gravity","All Grain"
"BALTIC","PORTER",20.82,1.055,1.015,5.23,28.84,32.56,95,60,25,85,"Specific Gravity","All Grain"
"DOUBLE","IPA",11,1.073,1.015,7.53,78.7,8.41,14,60,51,73,"Specific Gravity","All Grain"
"IMPERIAL","IPA",20.82,1.078,1.02,7.68,109.74,11.16,105,90,39,67,"Specific Gravity","All Grain"
"AMERICAN","IPA",22.71,1.072,1.015,7.41,68.72,6.27,90,60,43,70,"Specific Gravity","All Grain"
"AMERICAN","IPA",20.82,1.057,1.014,5.58,56.18,9.61,95,90,26,77,"Specific Gravity","BIAB"
"OATMEAL","STOUT",25,1.059,1.014,5.99,27.7,12.48,87,60,39,75,"Specific Gravity","All Grain"
"SPECIALTY","IPA",20.1,1.063,1.011,6.84,65.17,5.17,79,20,32,70,"Specific Gravity","BIAB"
"CREAM","ALE",20.82,1.051,1.015,4.76,17.06,3.35,71,60,27,70,"Specific Gravity","BIAB"
"AMERICAN","PALE",22,1.061,1.015,5.97,0,10.26,107,60,28,80,"Specific Gravity","All Grain"
"AMERICAN","IPA",28,1.06,1.01,6.55,49.59,12.66,115,60,36,70,"Specific Gravity","All Grain"
"AMERICAN","IPA",22.71,1.057,1.017,5.26,0,4.73,83,90,30,65,"Specific Gravity","All Grain"
"AMERICAN","IPA",25,1.058,1.014,5.79,38.55,5.93,93,60,36,77,"Specific Gravity","All Grain"
"BLONDE","ALE",24,1.044,1.008,4.81,25.64,3.11,101,75,21,75,"Specific Gravity","All Grain"
"BLONDE","ALE",400,1.049,1.009,5.16,44.11,7.84,160,60,20,75,"Specific Gravity","All Grain"
"AMERICAN","IPA",12,1.065,1.015,6.49,78.51,4.38,36,60,33,70,"Specific Gravity","All Grain"
"CREAM","ALE",20.82,1.054,1.015,5.14,23.22,3.1,18,60,68,70,"Specific Gravity","Partial Mash"
"AMERICAN","IPA",25,1.066,1.011,7.19,59.57,10.9,97,60,42,75,"Specific Gravity","BIAB"
"AMERICAN","PALE",25,1.061,1.01,6.66,37.99,3.42,101,90,36,75,"Specific Gravity","BIAB"
"TROPICAL","STOUT",20.82,1.068,1.019,6.45,32.4,50,90,30,35,55,"Specific Gravity","BIAB"
"AMERICAN","IPA",10,1.064,1.012,6.85,73.84,4.73,14,60,37,70,"Specific Gravity","All Grain"
"DRY","STOUT",25,1.042,1.013,3.85,44.24,34.38,52,60,36,70,"Specific Gravity","All Grain"
"CREAM","ALE",3.79,1.069,1.016,6.98,17.63,3.62,150,60,30,70,"Specific Gravity","All Grain"
"IMPERIAL","IPA",22.71,1.082,1.023,7.7,57.79,5.55,7,60,110,35,"Specific Gravity","extract"
"AMERICAN","IPA",38,1.047,1.009,5.01,73.23,7.76,137,60,27,75,"Specific Gravity","All Grain"
"AMERICAN","PALE",20.82,1.066,1.014,6.85,95.01,6.12,108,90,30,75,"Specific Gravity","All Grain"
"AMERICAN","PORTER",20.82,1.065,1.016,6.39,11.13,34.04,95,60,32,70,"Specific Gravity","BIAB"
"AMERICAN","IPA",21,1.058,1.018,5.28,54.09,5.03,97,60,27,75,"Specific Gravity","All Grain"
"AMERICAN","PALE",13,1.059,1.014,5.83,95.6,9.22,42,60,27,70,"Specific Gravity","BIAB"
"DOUBLE","IPA",20.82,1.085,1.019,8.64,156.4,5.7,83,90,51,75,"Specific Gravity","All Grain"
"INTERNATIONAL","PALE",38,1.049,1.009,5.29,33.74,3.76,137,60,28,70,"Specific Gravity","All Grain"
"AMERICAN","PALE",9,1.046,1.009,4.88,32.47,6.78,1,60,26,70,"Specific Gravity","All Grain"
"AMERICAN","PALE",25,1.07,1.013,7.39,42.05,8.22,87,90,48,75,"Specific Gravity","All Grain"
"AMERICAN","PALE",90,1.057,1.013,5.8,68.36,5.47,3,60,35,78,"Specific Gravity","All Grain"
"AMERICAN","PALE",20,1.063,1.016,6.17,0,6.55,97,60,28,65,"Specific Gravity","BIAB"
"BROWN","PORTER",52,1.044,1.01,4.47,23.38,21.33,175,60,18,80,"Specific Gravity","All Grain"
"DOUBLE","IPA",11.36,1.079,1.013,8.66,151.55,6.03,46,90,32,70,"Specific Gravity","BIAB"
"AMERICAN","IPA",20.82,1.058,1.014,5.84,96.87,8.41,108,75,24,55,"Specific Gravity","All Grain"
"BLONDE","ALE",21.77,1.054,1.012,5.49,54.63,6.86,106,60,24,73,"Specific Gravity","BIAB"
"BELGIAN","PALE",7.57,1.048,1.009,5.12,28.05,9.23,7,60,16,75,"Specific Gravity","BIAB"
"DOUBLE","IPA",8.52,1.072,1.012,7.86,88.24,4.84,2,60,26,70,"Specific Gravity","BIAB"
"AMERICAN","IPA",4.5,1.06,1.013,6.13,56.59,7.22,167,60,29,35,"Specific Gravity","extract"
"AMERICAN","IPA",23,1.063,1.009,7.15,55.92,7.04,119,60,28,73,"Specific Gravity","BIAB"
"AMERICAN","PORTER",22.71,1.057,1.014,5.68,34.95,32.44,95,60,29,78,"Specific Gravity","All Grain"
"IMPERIAL","STOUT",10,1.091,1.022,9.11,78.8,50,21,90,49,60,"Specific Gravity","All Grain"
"DOUBLE","IPA",18.93,1.08,1.019,8,89.55,6.94,62,75,51,75,"Specific Gravity","All Grain"
"AMERICAN","IPA",20.82,1.055,1.01,5.96,47.74,7.28,71,60,31,75,"Specific Gravity","All Grain"
"AMERICAN","PORTER",20.82,1.071,1.018,7.01,46.94,35.6,95,90,36,75,"Specific Gravity","All Grain"
"AMERICAN","IPA",21.77,1.043,1.008,4.53,1605.83,6.23,83,60,19,70,"Specific Gravity","BIAB"
"AMERICAN","PALE",18.93,1.053,1.013,5.22,46.41,12.49,71,60,25,75,"Specific Gravity","All Grain"
"BLONDE","ALE",20.82,1.045,1.009,4.72,18.89,4.06,108,60,15,70,"Specific Gravity","BIAB"
"AMERICAN","PALE",200,1.051,1.013,5.03,62.34,23.59,55,60,35,35,"Specific Gravity","All Grain"
"AMERICAN","PALE",20.82,1.055,1.011,5.89,51.41,6.04,71,60,31,70,"Specific Gravity","All Grain"
"INTERNATIONAL","PALE",20.82,1.071,1.018,6.95,35.36,16.19,95,60,36,85,"Specific Gravity","All Grain"
"AMERICAN","IPA",17,1.059,1.013,6.08,54.54,28.56,63,60,28,75,"Specific Gravity","BIAB"
"BROWN","PORTER",11.36,1.062,1.022,5.25,31.67,38.02,30,60,29,70,"Specific Gravity","All Grain"
"AMERICAN","IPA",20.82,1.069,1.014,7.16,160.87,10.77,18,90,4,35,"Specific Gravity","extract"
"AMERICAN","IPA",53,1.062,1.016,6.09,63.13,4.23,174,60,39,70,"Specific Gravity","All Grain"
"AMERICAN","IPA",20.82,1.078,1.019,7.81,77.73,40.54,7,60,105,35,"Specific Gravity","extract"
"AMERICAN","STOUT",20.82,1.073,1.017,7.38,31.95,40,95,60,38,65,"Specific Gravity","All Grain"
"AMERICAN","IPA",7.57,1.059,1.013,6.14,58.37,4.41,203,60,30,78,"Specific Gravity","BIAB"
"AMERICAN","IPA",45.42,1.081,1.023,7.67,182.87,39.18,155,75,54,70,"Specific Gravity","All Grain"
"AMERICAN","PALE",20.82,1.039,1.011,3.76,35.77,4.43,83,120,15,70,"Specific Gravity","All Grain"
"AMERICAN","IPA",45.42,1.058,1.01,6.24,58.74,7.54,148,60,37,80,"Specific Gravity","All Grain"
"ENGLISH","IPA",41.64,1.059,1.015,5.75,47.51,9.31,145,60,36,80,"Specific Gravity","All Grain"
"AMERICAN","STOUT",40,1.059,1.013,6.08,42.89,43.69,142,60,37,80,"Specific Gravity","All Grain"
"AMERICAN","IPA",18.93,1.073,1.019,7.07,93.28,8.34,71,60,40,35,"Specific Gravity","extract"
"SPECIALTY","IPA",18.93,1.061,1.014,6.1,149.47,23.76,62,60,35,70,"Specific Gravity","BIAB"
"AMERICAN","PALE",22,1.047,1.008,5.17,32.86,11.17,119,60,16,70,"Specific Gravity","BIAB"
"AMERICAN","PALE",18.93,1.053,1.013,5.2,32.14,5.09,7,60,71,35,"Specific Gravity","extract"
"IMPERIAL","IPA",41.64,1.089,1.024,8.51,116.83,7.91,152,60,56,70,"Specific Gravity","All Grain"
"INTERNATIONAL","PALE",10.22,1.05,1.008,5.52,34.2,3.74,29,90,17,75,"Specific Gravity","All Grain"
"AMERICAN","IPA",75,1.073,1.016,7.39,60.06,9.88,196,60,52,70,"Specific Gravity","All Grain"
"AMERICAN","IPA",18,1.062,1.015,6.16,37.11,3.01,73,90,29,75,"Specific Gravity","All Grain"
"AMERICAN","IPA",18.93,1.055,1.015,5.3,36.22,8.46,83,60,23,70,"Specific Gravity","All Grain"
"AMERICAN","IPA",37.85,1.058,1.013,5.93,99.99,4.13,141,60,34,70,"Specific Gravity","All Grain"
"AMERICAN","IPA",18.93,1.065,1.015,6.49,56.42,12.1,18,90,74,35,"Specific Gravity","extract"
"AMERICAN","PALE",13,1.049,1.012,4.88,41.87,7.74,27,70,26,75,"Specific Gravity","All Grain"
"SPECIALTY","IPA",18.93,1.069,1.015,6.97,129.61,7.9,108,60,27,70,"Specific Gravity","All Grain"
"AMERICAN","IPA",20.82,1.059,1.015,5.81,62.92,10.98,7,60,88,45,"Specific Gravity","extract"
"IMPERIAL","IPA",20.82,1.074,1.016,7.59,192.76,6.72,95,60,38,70,"Specific Gravity","All Grain"
"IMPERIAL","STOUT",18.93,1.172,1.051,15.92,125.42,50,95,240,94,70,"Specific Gravity","All Grain"
"AMERICAN","IPA",20.82,1.068,1.011,7.48,65.49,5.94,95,60,34,70,"Specific Gravity","All Grain"
"AMERICAN","IPA",37.85,1.067,1.014,6.88,91.18,6.93,139,60,42,70,"Specific Gravity","All Grain"
"AMERICAN","IPA",20,1.055,1.014,5.37,81.71,9.57,6,60,80,35,"Specific Gravity","extract"
"SPECIALTY","IPA",19.87,1.064,1.011,6.96,69.59,14.52,71,60,35,70,"Specific Gravity","All Grain"
"IMPERIAL","IPA",20.82,1.085,1.014,9.27,102.55,8.86,71,60,56,70,"Specific Gravity","All Grain"
"SPECIALTY","IPA",20.82,1.055,1.01,5.94,38.97,13.44,71,30,31,65,"Specific Gravity","BIAB"
"IRISH","STOUT",18.93,1.044,1.011,4.36,47.63,28.04,71,70,18,35,"Specific Gravity","extract"
"BELGIAN","PALE",50,1.056,1.014,5.48,33.99,3.65,179,90,27,65,"Specific Gravity","All Grain"
"SPECIALTY","IPA",40,1.04,1.01,3.93,114.31,18.81,154,60,15,35,"Specific Gravity","All Grain"
"SWEET","STOUT",20.82,1.074,1.015,7.78,38.06,50,71,60,47,70,"Specific Gravity","BIAB"
"AMERICAN","IPA",20.82,1.068,1.014,7.1,102.85,13.35,83,60,38,69,"Specific Gravity","All Grain"
"IMPERIAL","IPA",20.82,1.073,1.018,7.2,122.99,12.73,95,60,38,69,"Specific Gravity","All Grain"
"OATMEAL","STOUT",18,1.053,1.013,5.13,38.51,22.3,59,60,27,70,"Specific Gravity","All Grain"
"AMERICAN","IPA",18.93,1.048,1.009,5.13,41.13,8.68,18,20,53,35,"Specific Gravity","extract"
"DRY","STOUT",38,1.043,1.011,4.27,38.41,38.39,142,60,21,70,"Specific Gravity","BIAB"
"DOUBLE","IPA",18.93,1.089,1.016,9.53,97.23,8.82,95,70,31,60,"Specific Gravity","BIAB"
"AMERICAN","IPA",22.71,1.063,1.014,6.43,41.62,7.04,95,60,34,70,"Specific Gravity","All Grain"
"AMERICAN","IPA",19.87,1.055,1.01,5.92,59.71,6.81,83,60,25,70,"Specific Gravity","All Grain"
"BLONDE","ALE",19.87,1.051,1.013,5,22.27,3.94,95,60,20,60,"Specific Gravity","All Grain"
"OLD","ALE",22,1.064,1.014,6.49,38.18,15.64,87,60,36,71,"Specific Gravity","All Grain"
"IMPERIAL","IPA",25,1.08,1.017,8.31,112.57,10.24,107,60,51,70,"Specific Gravity","All Grain"
"BELGIAN","PALE",20.82,1.054,1.012,5.48,26.78,7.11,83,60,27,35,"Specific Gravity","extract"
"AMERICAN","PALE",45.42,1.042,1.008,4.51,58.8,8.2,46,60,82,35,"Specific Gravity","Partial Mash"
"AMERICAN","PALE",9.46,1.062,1.015,6.2,41.67,10.69,46,60,15,35,"Specific Gravity","All Grain"
"SWEET","STOUT",23,1.052,1.012,5.14,25.66,32.47,101,60,25,70,"Specific Gravity","All Grain"
"AMERICAN","IPA",13.25,1.064,1.012,6.82,86.33,7.17,28,60,40,65,"Specific Gravity","BIAB"
"AMERICAN","PALE",15.14,1.048,1.011,4.84,35.22,6.5,74,60,13,80,"Specific Gravity","All Grain"
"AMERICAN","IPA",50,1.058,1.013,5.9,71.96,8.31,161,60,37,75,"Specific Gravity","All Grain"
"AMERICAN","IPA",50,1.053,1.011,5.41,66.13,6.22,161,60,32,72,"Specific Gravity","All Grain"
"AMERICAN","PALE",58.67,1.047,1.009,5.01,47.66,10.32,187,70,23,68,"Specific Gravity","All Grain"
"AMERICAN","PALE",12,1.045,1.01,4.69,91.42,10.92,22,60,23,50,"Specific Gravity","BIAB"
"IMPERIAL","IPA",20.82,1.085,1.024,8.02,126.53,26.38,95,60,47,75,"Specific Gravity","All Grain"
"AMERICAN","IPA",20.82,1.077,1.014,8.32,132.16,7.32,95,60,41,70,"Specific Gravity","All Grain"
"DRY","STOUT",37.85,1.047,1.012,4.65,31.3,40.3,95,60,47,70,"Specific Gravity","All Grain"
"IMPERIAL","STOUT",41.64,1.125,1.045,10.61,83.36,50,152,90,83,70,"Specific Gravity","All Grain"
"AMERICAN","IPA",27,1.051,1.01,5.37,34.09,4.68,111,60,28,70,"Specific Gravity","All Grain"
